Latitude,Longitude,Genus,Date.Planted,Diameter.Breast.Height,Useful.Life.Expectancy.Value,Located.in,Year.Planted
-37.81082703,144.9791593,Melaleuca,14/10/1998,78,30,Park,1998
-37.8119724,144.981312,Araucaria,16/10/1998,83,60,Park,1998
-37.81596948,144.9781862,Pittosporum,10/12/1998,7,10,Park,1998
-37.81208588,144.9795527,Phoenix,16/10/1998,87,60,Park,1998
-37.81451539,144.977743,Ulmus,10/12/1998,136,20,Park,1998
-37.81297214,144.9800807,Washingtonia,1/01/2000,31,60,Park,2000
-37.8140793,144.9819607,Phoenix,13/10/1998,77,60,Park,1998
-37.81239966,144.978628,Platanus,14/10/1998,85,20,Park,1998
-37.81293395,144.9767957,Phoenix,2/01/2000,65,60,Park,1900
-37.81598701,144.9783462,Pittosporum,10/12/1998,8,10,Park,1998
-37.81403778,144.9765637,Eucalyptus,1/01/2000,102,30,Park,1900
-37.81426076,144.9756057,Ulmus,16/10/1998,115,5,Park,1998
-37.81281245,144.979471,Platanus,14/10/1998,70,5,Park,1998
-37.81521353,144.9779792,Fraxinus,10/12/1998,32,60,Park,1998
-37.81438962,144.9765703,Ulmus,16/10/1998,142,10,Park,1998
-37.81575749,144.9781318,Ulmus,10/12/1998,68,5,Street,1998
-37.81451108,144.9756567,Corymbia,1/01/2000,52,60,Park,1900
-37.81603953,144.9785603,Pittosporum,10/12/1998,15,10,Park,1998
-37.81072555,144.9809346,Ulmus,14/10/1998,91,10,Park,1998
-37.81515575,144.9770918,Phoenix,2/01/2000,94,60,Park,1900
-37.81247684,144.9797806,Lagunaria,2/01/2000,45,30,Park,1900
-37.81524728,144.9811748,Ulmus,,5,80,Park,NA
-37.81152578,144.9789689,Sequoia,14/10/1998,39,60,Park,1998
-37.81607197,144.9771279,Ulmus,10/12/1998,17,60,Park,1998
-37.81413708,144.9774074,Ulmus,16/10/1998,119,20,Park,1998
-37.81260216,144.9812078,Platanus,16/10/1998,36,60,Park,1998
-37.81582979,144.9767429,Ulmus,10/12/1998,37,30,Park,1998
-37.81342803,144.9754202,Quercus,1/01/2000,99,60,Park,1900
-37.81116169,144.9796927,Pinus,14/10/1998,123,60,Park,1998
-37.81226503,144.9784972,Hesperocyparis,14/10/1998,47,20,Park,1998
-37.81305733,144.9777825,Corymbia,21/11/1997,29,60,Street,1997
-37.81644456,144.9822515,Ficus,10/12/1998,82,20,Park,1998
-37.81095413,144.9756303,Platanus,21/11/1997,40,10,Street,1997
-37.81249614,144.9801908,Syzygium,2/01/2000,62,30,Park,1900
-37.81401058,144.9794878,Livistona,13/10/1998,32,60,Park,1998
-37.81647732,144.9802831,Pinus,10/09/1998,71,60,Park,1998
-37.81639114,144.9779764,Platanus,20/11/1997,60,20,Street,1997
-37.81461416,144.9819609,Quercus,13/10/1998,39,60,Park,1998
-37.81237531,144.9794516,Ulmus,20/10/1998,13,80,Park,1998
-37.81150647,144.9803224,Ginkgo,19/03/2010,3,80,Park,2010
-37.81233471,144.9824706,Cupressus,16/10/1998,71,60,Park,1998
-37.81152837,144.980601,Ulmus,14/10/1998,100,20,Park,1998
-37.81317172,144.9777635,Corymbia,21/11/1997,39,60,Street,1997
-37.81572022,144.9811014,Araucaria,13/10/1998,88,60,Park,1998
-37.81352728,144.9810639,Cedrus,16/10/1998,89,30,Park,1998
-37.81271292,144.979595,Ulmus,14/10/1998,102,5,Park,1998
-37.81595262,144.9779814,Pittosporum,10/12/1998,8,10,Park,1998
-37.81410297,144.9829264,Ulmus,25/11/1997,74,10,Street,1997
-37.81430374,144.9809016,Ulmus,13/10/1998,134,10,Park,1998
-37.81384573,144.9823556,Cedrus,13/10/1998,99,30,Park,1998
-37.8128874,144.9794956,Platanus,14/10/1998,82,10,Park,1998
-37.81207316,144.9805453,Ulmus,14/10/1998,100,20,Park,1998
-37.81169689,144.9797503,Ulmus,14/10/1998,30,80,Park,1998
-37.8119501,144.9769461,Platanus,21/11/1997,10,30,Street,1997
-37.81656152,144.9792917,Platanus,26/11/1997,56,10,Street,1997
-37.81349852,144.9803694,Syzygium,2/01/2000,84,30,Park,1900
-37.81522858,144.9774231,Corymbia,21/11/1997,36,60,Street,1997
-37.81630456,144.9773164,Platanus,20/11/1997,70,10,Street,1997
-37.81563822,144.9801138,Livistona,2/01/2000,30,60,Park,1900
-37.81089726,144.9807527,Ulmus,14/10/1998,104,10,Park,1998
-37.8120041,144.9760031,Platanus,21/11/1997,42,10,Street,1997
-37.81540111,144.9782391,Corymbia,10/12/1998,68,30,Park,1998
-37.81537032,144.9783194,Araucaria,10/12/1998,99,60,Park,1998
-37.81272443,144.9783021,Lophostemon,14/10/1998,37,10,Park,1998
-37.8106258,144.9812771,Ficus,15/10/1998,161,30,Park,1998
-37.81142409,144.9823194,Jacaranda,2/01/2000,50,20,Park,1900
-37.8138414,144.9771608,Ulmus,16/10/1998,148,30,Park,1998
-37.81245719,144.9816298,Quercus,15/10/1998,24,30,Park,1998
-37.81396246,144.9763762,Syzygium,2/01/2000,105,60,Park,1900
-37.81528144,144.9818059,Ulmus,13/10/1998,117,10,Park,1998
-37.81149759,144.9823333,Phoenix,2/01/2000,34,10,Park,1900
-37.8128454,144.9775798,Ulmus,16/10/1998,119,20,Park,1998
-37.81191953,144.978587,Grevillea,14/10/1998,71,30,Park,1998
-37.81237128,144.9806298,Ulmus,14/10/1998,119,20,Park,1998
-37.81416119,144.9757113,Ficus,16/10/1998,61,30,Park,1998
-37.81414483,144.9759341,Cedrus,16/10/1998,68,20,Park,1998
-37.81374337,144.9828088,Magnolia,14/07/2000,15,60,Park,2000
-37.81344913,144.9803638,Pittosporum,14/10/1998,28,20,Park,1998
-37.81589145,144.9757425,Ulmus,10/12/1998,67,10,Park,1998
-37.81268317,144.9805922,Ulmus,14/10/1998,32,10,Park,1998
-37.81601823,144.9776243,Ulmus,10/12/1998,72,20,Park,1998
-37.81161037,144.9814258,Cordyline,2/01/2000,24,10,Park,1900
-37.81617007,144.9763602,Platanus,20/11/1997,81,10,Street,1997
-37.81432986,144.978647,Brahea,13/10/1998,70,60,Park,1998
-37.81586775,144.9821221,Syzygium,2/01/2000,38,10,Park,1900
-37.81536496,144.9822258,Quercus,13/10/1998,27,80,Park,1998
-37.8151968,144.9763499,Lagunaria,2/01/2000,58,30,Park,1900
-37.81571648,144.9814827,Stenocarpus,13/10/1998,30,30,Park,1998
-37.81463642,144.9772972,Ulmus,16/10/1998,131,20,Park,1998
-37.81508048,144.9822636,Pinus,13/10/1998,110,20,Park,1998
-37.81131195,144.9813077,Quercus,12/12/2006,5,80,Park,2006
-37.8145208,144.9763588,Ficus,16/10/1998,226,60,Park,1998
-37.81616056,144.977779,Ulmus,10/12/1998,13,60,Park,1998
-37.8165522,144.9809811,Pinus,10/09/1998,82,60,Park,1998
-37.81250671,144.982011,Ulmus,16/10/1998,94,10,Park,1998
-37.81549218,144.9814357,Ficus,13/10/1998,208,60,Park,1998
-37.81220093,144.9792833,Ulmus,14/10/1998,126,10,Park,1998
-37.81188127,144.9803486,Cupressus,14/10/1998,98,30,Park,1998
-37.81615559,144.9762254,Platanus,20/11/1997,64,20,Street,1997
-37.81295471,144.9783925,Melaleuca,14/10/1998,83,30,Park,1998
-37.81136125,144.9810403,Acer,2/01/2000,34,60,Park,1900
-37.81182451,144.9807388,Ulmus,14/10/1998,105,20,Park,1998
-37.81095199,144.9796982,Ficus,14/10/1998,211,60,Park,1998
-37.81138264,144.981247,Quercus,1/01/2000,78,60,Park,1900
-37.8109192,144.9817116,Araucaria,15/10/1998,21,80,Park,1998
-37.81328272,144.9812279,Populus,15/10/1998,118,10,Park,1998
-37.81097073,144.9767746,Platanus,1/01/2000,23,30,Street,2000
-37.81158515,144.9755108,Platanus,21/11/1997,32,20,Street,1997
-37.81462585,144.9800727,Ulmus,13/10/1998,146,10,Park,1998
-37.81149928,144.9755222,Platanus,21/11/1997,46,20,Street,1997
-37.81229488,144.9791913,Ulmus,14/10/1998,105,10,Park,1998
-37.81604262,144.9787405,Pittosporum,10/12/1998,20,30,Park,1998
-37.81584379,144.976829,Ulmus,10/12/1998,36,30,Park,1998
-37.81313393,144.9764499,Agonis,16/10/1998,101,20,Park,1998
-37.81268821,144.9790791,Platanus,14/10/1998,81,5,Park,1998
-37.81635805,144.9777285,Platanus,20/11/1997,73,10,Street,1997
-37.81301273,144.9826375,Araucaria,16/10/1998,106,60,Park,1998
-37.81145385,144.9817,Tristaniopsis,,56,30,Park,NA
-37.81318809,144.9803866,Washingtonia,14/10/1998,30,60,Park,1998
-37.8165878,144.9795633,Platanus,26/11/1997,56,20,Street,1997
-37.81220242,144.9781204,Ulmus,14/10/1998,129,20,Park,1998
-37.81327084,144.976787,Populus,16/10/1998,101,20,Park,1998
-37.81493709,144.9783435,Ulmus,1/01/2000,147,10,Park,2000
-37.81466973,144.9812442,Ulmus,13/10/1998,113,5,Park,1998
-37.81466051,144.9802439,Ulmus,13/10/1998,106,5,Park,1998
-37.81170295,144.9822896,Ligustrum,15/10/1998,68,20,Park,1998
-37.81615258,144.978857,Lophostemon,10/12/1998,54,30,Park,1998
-37.81489511,144.9807501,Ulmus,,8,80,Park,NA
-37.81224198,144.982234,Ulmus,15/10/1998,124,10,Park,1998
-37.81131012,144.9793463,Metasequoia,1/01/2000,29,80,Park,2000
-37.81621115,144.9787571,Ulmus,10/12/1998,17,60,Park,1998
-37.81366629,144.9753882,Ficus,1/01/2000,197,20,Park,2000
-37.81427753,144.980109,Ulmus,13/10/1998,132,20,Park,1998
-37.81603837,144.9785925,Pittosporum,10/12/1998,16,20,Park,1998
-37.81494037,144.9779417,Ulmus,10/12/1998,148,20,Park,1998
-37.81196248,144.9770529,Platanus,21/11/1997,44,30,Street,1997
-37.81354263,144.978665,Livistona,13/10/1998,34,60,Park,1998
-37.81522911,144.9825333,Harpephyllum,30/04/2007,36,80,Park,2007
-37.81594208,144.9761506,Ulmus,10/12/1998,78,10,Park,1998
-37.81481055,144.9783164,Ulmus,10/12/1998,163,20,Park,1998
-37.81491505,144.9806305,Ulmus,,7,80,Park,NA
-37.81295046,144.9824747,Populus,16/10/1998,84,10,Park,1998
-37.81422058,144.9818699,Quercus,5/06/2007,3,80,Park,2007
-37.81593069,144.977827,Pittosporum,10/12/1998,12,20,Park,1998
-37.81264195,144.9804171,Phoenix,14/10/1998,70,60,Park,1998
-37.81215035,144.9827773,Araucaria,16/10/1998,76,60,Park,1998
-37.81317663,144.9775557,Cercis,2/01/2000,37,30,Park,1900
-37.8157394,144.975768,Eucalyptus,10/12/1998,35,30,Park,1998
-37.81481283,144.9750458,Ulmus,16/10/1998,129,5,Park,1998
-37.81063279,144.9802973,Araucaria,14/10/1998,38,60,Park,1998
-37.81602182,144.9784214,Pittosporum,10/12/1998,9,20,Park,1998
-37.8123076,144.9821296,Ulmus,15/10/1998,94,5,Park,1998
-37.81060737,144.9809587,Ulmus,14/10/1998,140,10,Park,1998
-37.81555595,144.9792689,Phoenix,10/12/1998,72,60,Park,1998
-37.81518588,144.9776389,Ulmus,10/12/1998,128,20,Park,1998
-37.81553847,144.9801096,Ulmus,13/10/1998,123,10,Park,1998
-37.81125342,144.9831302,Phoenix,15/10/1998,66,60,Park,1998
-37.8133565,144.9830513,Ulmus,25/11/1997,68,10,Street,1997
-37.81189223,144.9764151,Platanus,21/11/1997,30,10,Street,1997
-37.8163946,144.9796113,Pinus,10/09/1998,82,60,Park,1998
-37.815707,144.9776475,Schinus,10/12/1998,131,60,Street,1998
-37.81355579,144.9828221,Magnolia,2/01/2000,13,60,Park,1900
-37.81304405,144.9775128,Ulmus,2/01/2000,77,60,Park,1900
-37.81270978,144.9775955,Phoenix,16/10/1998,62,60,Park,1998
-37.81066541,144.9814428,Ficus,2/01/2000,164,30,Park,1900
-37.8157519,144.9760439,Eucalyptus,10/12/1998,84,60,Park,1998
-37.81353312,144.9777073,Corymbia,1/01/2000,26,60,Street,1900
-37.81237876,144.9792797,Ulmus,14/10/1998,113,20,Park,1998
-37.81073471,144.9781753,Corymbia,1/01/2000,12,80,Street,1900
-37.81181055,144.9795937,Agathis,1/01/2000,22,80,Park,2000
-37.81170141,144.979404,Pinus,14/10/1998,123,60,Park,1998
-37.81611986,144.9790454,Corymbia,1/01/2000,45,60,Street,1900
-37.81268844,144.9784944,Platanus,14/10/1998,92,20,Park,1998
-37.81332823,144.9802506,Araucaria,2/01/2000,116,60,Park,1900
-37.81101426,144.9827419,Tilia,15/10/1998,49,60,Park,1998
-37.81316024,144.9801185,Ulmus,14/10/1998,124,10,Park,1998
-37.81099258,144.97695,Platanus,1/01/2000,18,30,Street,2000
-37.81431657,144.9770655,Ulmus,20/01/2006,9,80,Park,2006
-37.81550707,144.9792039,Platanus,10/12/1998,25,80,Park,1998
-37.81396005,144.9787281,Brahea,13/07/2000,50,60,Park,2000
-37.81243832,144.9819116,Ulmus,15/10/1998,98,10,Park,1998
-37.81154618,144.9827284,Phoenix,1/01/2000,110,80,Park,2000
-37.81336424,144.9771982,Ficus,12/12/2006,14,80,Park,2006
-37.81397733,144.9814689,Pyrus,13/10/1998,42,30,Park,1998
-37.81502383,144.9809671,Ulmus,,5,80,Park,NA
-37.81105372,144.982073,Ulmus,15/10/1998,108,5,Park,1998
-37.81602246,144.9786421,Pittosporum,10/12/1998,18,20,Park,1998
-37.81653652,144.9808498,Pinus,10/09/1998,65,60,Park,1998
-37.81476001,144.9820055,Quercus,13/10/1998,59,60,Park,1998
-37.81269071,144.9823464,Brachychiton,16/10/1998,54,60,Park,1998
-37.81580384,144.9765653,Ulmus,10/12/1998,37,30,Park,1998
-37.81443902,144.9802559,Ulmus,13/10/1998,110,10,Park,1998
-37.81311119,144.9769044,Cedrus,20/01/2006,15,80,Park,2006
-37.8159603,144.9779086,Pittosporum,10/12/1998,17,30,Park,1998
-37.81475489,144.9796576,Tilia,10/12/1998,61,30,Park,1998
-37.81196077,144.9805655,Ulmus,14/10/1998,113,20,Park,1998
-37.81465892,144.9804091,Agathis,,7,80,Park,NA
-37.81539119,144.9795513,Tilia,2/01/2000,49,30,Park,1900
-37.81158308,144.9787316,Ulmus,14/10/1998,120,10,Park,1998
-37.81237569,144.9820223,Ulmus,15/10/1998,116,20,Park,1998
-37.81355631,144.9815063,Cedrus,16/10/1998,68,20,Park,1998
-37.81305113,144.9823381,Thuja,16/10/1998,75,60,Park,1998
-37.8148756,144.979513,Araucaria,10/12/1998,105,60,Park,1998
-37.81359925,144.9753412,Ficus,16/10/1998,208,60,Park,1998
-37.81299529,144.9828715,Brachychiton,14/07/2000,34,60,Park,2000
-37.8146074,144.9755355,Phoenix,1/01/2000,71,60,Park,1900
-37.81595269,144.9778595,Pittosporum,10/12/1998,11,10,Park,1998
-37.81143754,144.9826573,Grevillea,2/01/2000,60,20,Park,1900
-37.81628644,144.9771795,Platanus,20/11/1997,80,20,Street,1997
-37.81293105,144.9795871,Platanus,14/10/1998,82,10,Park,1998
-37.81437076,144.9790191,Ulmus,10/12/1998,25,60,Park,1998
-37.81495449,144.9800242,Ulmus,10/12/1998,130,10,Park,1998
-37.81573308,144.9811998,Schinus,13/10/1998,101,60,Park,1998
-37.81515101,144.9800017,Ulmus,10/12/1998,124,5,Park,1998
-37.81406295,144.9809018,Ulmus,13/10/1998,121,10,Park,1998
-37.81221844,144.9783763,Cedrus,14/10/1998,80,30,Park,1998
-37.81494999,144.9758582,Agathis,16/10/1998,85,60,Park,1998
-37.81441763,144.9812156,Ulmus,13/10/1998,105,10,Park,1998
-37.81143702,144.9800144,Ulmus,1/01/2000,22,80,Park,2000
-37.81440534,144.9772177,Ulmus,20/01/2006,5,80,Park,2006
-37.81598227,144.9780967,Pittosporum,10/12/1998,13,20,Park,1998
-37.81225122,144.9824369,Ulmus,16/10/1998,122,10,Park,1998
-37.81413103,144.9807461,Ulmus,13/10/1998,111,10,Park,1998
-37.81318769,144.9817617,Quercus,16/10/1998,67,30,Park,1998
-37.81061408,144.9783873,Ulmus,14/10/1998,100,20,Park,1998
-37.81329244,144.9800504,Ulmus,14/10/1998,117,5,Park,1998
-37.81390147,144.9749411,Aesculus,16/10/1998,39,20,Park,1998
-37.81524752,144.9824403,Phoenix,13/10/1998,73,60,Park,1998
-37.81290793,144.9797205,Ulmus,14/10/1998,100,5,Park,1998
-37.81565795,144.9821112,Ulmus,13/10/1998,126,10,Park,1998
-37.8149831,144.9825553,Agathis,20/07/2010,1,80,Park,2010
-37.81077251,144.9802049,Populus,14/10/1998,102,20,Park,1998
-37.81376601,144.9794359,Quercus,13/10/1998,67,60,Park,1998
-37.81523261,144.9767132,Lophostemon,16/10/1998,78,60,Park,1998
-37.81224973,144.9800843,Tilia,14/10/1998,52,30,Park,1998
-37.81624617,144.9769079,Platanus,20/11/1997,55,10,Street,1997
-37.81333276,144.9754823,Phoenix,1/01/2000,60,60,Park,1900
-37.81585078,144.9754636,Ulmus,10/12/1998,73,30,Park,1998
-37.8142218,144.9749228,Ulmus,2/01/2000,133,10,Park,1900
-37.81594653,144.9777996,Pittosporum,10/12/1998,18,30,Park,1998
-37.81424815,144.9819746,Quercus,5/06/2007,5,80,Park,2007
-37.81289089,144.9780139,Ulmus,14/10/1998,128,20,Park,1998
-37.81170658,144.9826912,Butia,15/10/1998,52,60,Park,1998
-37.81636256,144.9794142,Corymbia,10/09/1998,58,30,Park,1998
-37.81538234,144.9818883,Ulmus,13/10/1998,123,10,Park,1998
-37.81355538,144.9816832,Cedrus,16/10/1998,101,30,Park,1998
-37.81406079,144.9810491,Phoenix,13/10/1998,75,60,Park,1998
-37.81597213,144.9780047,Pittosporum,10/12/1998,17,30,Park,1998
-37.81195756,144.9830597,Quercus,14/07/2000,33,80,Park,2000
-37.81284227,144.9804317,Ulmus,14/10/1998,19,10,Park,1998
-37.81597642,144.9782495,Pittosporum,10/12/1998,13,20,Park,1998
-37.81169626,144.9750023,Quercus,21/11/1997,73,60,Park,1997
-37.81303244,144.9772045,Celtis,16/10/1998,63,30,Park,1998
-37.81316962,144.9826,Stenocarpus,16/10/1998,50,20,Park,1998
-37.81495192,144.9808675,Ulmus,,7,80,Park,NA
-37.81261309,144.9828864,Araucaria,14/07/2000,20,80,Park,2000
-37.81164811,144.979848,Cordyline,14/10/1998,40,30,Park,1998
-37.8120744,144.9804491,Ficus,14/10/1998,230,60,Park,1998
-37.81383126,144.976796,Corymbia,26/11/2008,7,80,Park,2008
-37.81409686,144.9756389,Cedrus,16/10/1998,79,30,Park,1998
-37.81237845,144.9823939,Pinus,16/10/1998,103,60,Park,1998
-37.81600815,144.9785015,Pittosporum,10/12/1998,17,20,Park,1998
-37.81129563,144.9819333,Jacaranda,15/10/1998,36,60,Park,1998
-37.81458683,144.9747532,Phoenix,13/07/2000,54,60,Park,2000
-37.81306354,144.9788369,Ginkgo,6/06/2007,5,80,Park,2007
-37.81468518,144.9777122,Ulmus,10/12/1998,122,10,Park,1998
-37.81460764,144.977983,Ulmus,10/12/1998,167,20,Park,1998
-37.813155,144.981011,Ulmus,15/10/1998,37,60,Park,1998
-37.81574221,144.9755168,Corymbia,10/12/1998,27,30,Park,1998
-37.81398317,144.9776285,Corymbia,1/01/2000,29,60,Street,1900
-37.81136767,144.9795544,Metasequoia,1/01/2000,23,80,Park,2000
-37.81596302,144.9781146,Pittosporum,10/12/1998,11,20,Park,1998
-37.81581391,144.978552,Ulmus,10/12/1998,67,5,Street,1998
-37.81612357,144.9787737,Ulmus,10/12/1998,18,80,Park,1998
-37.81625898,144.9784667,Ulmus,10/12/1998,82,20,Park,1998
-37.81608627,144.9782598,Ulmus,10/12/1998,15,1,Park,1998
-37.81499596,144.9770437,Phoenix,2/01/2000,72,60,Park,1900
-37.81300932,144.9798105,Ulmus,14/10/1998,143,10,Park,1998
-37.81409922,144.980326,Ulmus,13/10/1998,112,10,Park,1998
-37.81605005,144.9786483,Pittosporum,10/12/1998,15,20,Park,1998
-37.81391834,144.9754348,Ficus,16/10/1998,150,20,Park,1998
-37.8136013,144.9768864,Carpinus,16/10/1998,49,10,Park,1998
-37.81235039,144.9830284,Stenocarpus,16/10/1998,23,60,Park,1998
-37.81456608,144.9806023,Tilia,13/10/1998,82,20,Park,1998
-37.81643685,144.9816385,Ulmus,,45,20,Park,NA
-37.81216378,144.9805268,Ulmus,14/10/1998,100,20,Park,1998
-37.81498728,144.9749976,Ulmus,16/10/1998,121,10,Park,1998
-37.81287475,144.9824527,Prunus,16/10/1998,43,20,Park,1998
-37.81452347,144.9828536,Ulmus,25/11/1997,77,20,Street,1997
-37.8132935,144.9816732,Quercus,12/12/2006,4,80,Park,2006
-37.81601384,144.9829324,Platanus,25/11/1997,36,10,Street,1997
-37.81218856,144.9814095,Quercus,16/10/1998,57,60,Park,1998
-37.8119534,144.9788592,Ulmus,14/10/1998,121,5,Park,1998
-37.81385732,144.9803667,Ulmus,13/10/1998,94,10,Park,1998
-37.8151229,144.9781225,Populus,10/12/1998,103,20,Park,1998
-37.81543563,144.9790686,Schinus,10/12/1998,201,60,Park,1998
-37.8120941,144.9826707,Ulmus,16/10/1998,107,10,Park,1998
-37.81347997,144.9762713,Populus,1/01/2000,87,5,Park,1900
-37.81566835,144.980578,Syzygium,2/01/2000,54,60,Park,1900
-37.81251646,144.9783396,Lophostemon,14/10/1998,68,30,Park,1998
-37.81574128,144.9754839,Eucalyptus,10/12/1998,33,20,Park,1998
-37.81469572,144.9814357,Ulmus,13/10/1998,101,10,Park,1998
-37.81439359,144.9809696,Ulmus,13/10/1998,125,10,Park,1998
-37.81595262,144.9772413,Araucaria,10/12/1998,27,80,Park,1998
-37.81174694,144.9812389,Ficus,16/10/1998,208,30,Park,1998
-37.81411325,144.9787489,Quercus,10/12/1998,80,60,Park,1998
-37.81269832,144.9829905,Pittosporum,16/10/1998,70,20,Street,1998
-37.81366881,144.9808303,Cedrus,13/10/1998,105,30,Park,1998
-37.81381457,144.9820628,Cedrus,14/07/2000,12,80,Park,2000
-37.8142156,144.9745939,Populus,2/01/2000,80,5,Park,1900
-37.812776,144.9828802,Araucaria,14/07/2000,25,80,Park,2000
-37.81482877,144.9767226,Ficus,16/10/1998,180,20,Park,1998
-37.81195233,144.9756388,Platanus,21/11/1997,32,10,Street,1997
-37.81251895,144.981779,Ulmus,15/10/1998,97,10,Park,1998
-37.81559254,144.9818593,Ulmus,,127,20,Park,NA
-37.81441365,144.9821928,Araucaria,13/10/1998,122,60,Park,1998
-37.81128466,144.9780785,Corymbia,30/12/1999,20,60,Street,1899
-37.81557783,144.9814587,Cedrus,13/10/1998,76,20,Park,1998
-37.81132308,144.9782589,Ulmus,14/10/1998,72,5,Park,1998
-37.81397091,144.9754942,Cedrus,16/10/1998,78,30,Park,1998
-37.81432015,144.9828944,Ulmus,25/11/1997,70,10,Street,1997
-37.81552319,144.9811261,Cedrus,13/10/1998,94,30,Park,1998
-37.81540692,144.9785251,Araucaria,10/12/1998,80,30,Park,1998
-37.81547655,144.9785019,Phoenix,10/12/1998,77,60,Park,1998
-37.81620576,144.9766273,Platanus,20/11/1997,57,10,Street,1997
-37.81574219,144.9755632,Corymbia,10/12/1998,15,10,Park,1998
-37.81571943,144.9808556,Cupressus,13/10/1998,68,30,Park,1998
-37.81198108,144.9758436,Platanus,21/11/1997,33,10,Street,1997
-37.81271201,144.9778408,Corymbia,1/01/2000,30,60,Street,1900
-37.8137927,144.9808028,Washingtonia,13/10/1998,52,60,Park,1998
-37.81278524,144.9794083,Platanus,14/10/1998,48,1,Park,1998
-37.81658109,144.9812735,Pinus,10/09/1998,67,60,Park,1998
-37.81465912,144.9747909,Phoenix,16/10/1998,73,60,Park,1998
-37.81608722,144.9772444,Ulmus,10/12/1998,16,60,Park,1998
-37.81385799,144.9756251,Ficus,16/10/1998,89,20,Park,1998
-37.81504575,144.9763173,Quercus,16/10/1998,88,20,Park,1998
-37.81099019,144.9831251,Phoenix,15/10/1998,77,60,Park,1998
-37.81397351,144.9783466,Hesperocyparis,2/01/2000,34,20,Park,1900
-37.81276399,144.9802129,Populus,14/10/1998,167,10,Park,1998
-37.81310159,144.9767709,Cedrus,14/09/2009,2,80,Park,2009
-37.81147874,144.9823481,Cordyline,1/01/2000,102,80,Park,1900
-37.81446274,144.9798889,Ilex,2/01/2000,25,30,Park,1900
-37.8119172,144.9814878,Quercus,15/10/1998,58,60,Park,1998
-37.81646268,144.9801649,Pinus,10/09/1998,88,60,Park,1998
-37.81262943,144.9801494,Betula,14/10/1998,23,5,Park,1998
-37.81412198,144.9772161,Ulmus,16/10/1998,102,10,Park,1998
-37.81303215,144.9805318,Ulmus,14/10/1998,28,10,Park,1998
-37.81464713,144.9825071,Jacaranda,14/07/2000,10,80,Park,2000
-37.81346387,144.9828118,Syzygium,2/01/2000,52,60,Park,1900
-37.81465805,144.9796592,Tilia,10/12/1998,60,30,Park,1998
-37.81211101,144.9829533,Cupressus,2/01/2000,79,60,Park,1900
-37.81313605,144.9771506,Cedrus,20/01/2006,10,80,Park,2006
-37.81269768,144.9816964,Ulmus,,10,80,Park,NA
-37.81482601,144.9812083,Agathis,20/01/2006,12,80,Park,2006
-37.81201841,144.9827554,Ulmus,16/10/1998,107,20,Park,1998
-37.81433769,144.9818721,Quercus,13/10/1998,69,20,Park,1998
-37.8131492,144.9805259,Ulmus,14/10/1998,113,20,Park,1998
-37.81185441,144.9787782,Ulmus,14/10/1998,120,10,Park,1998
-37.81355506,144.9814227,Cedrus,,85,20,Park,NA
-37.81405811,144.9778152,Ulmus,10/12/1998,141,20,Park,1998
-37.81608157,144.975668,Platanus,20/11/1997,59,5,Street,1997
-37.81188397,144.975096,Platanus,2/01/2000,50,30,Street,1900
-37.81622863,144.9792029,Pinus,10/09/1998,71,60,Park,1998
-37.81187864,144.9779794,Corymbia,21/11/1997,36,60,Street,1997
-37.81338151,144.9753086,Phoenix,16/10/1998,65,60,Park,1998
-37.81490768,144.9819876,Agathis,20/01/2006,9,80,Park,2006
-37.81242968,144.9829432,Phoenix,16/10/1998,72,60,Park,1998
-37.81548392,144.979903,Ulmus,10/12/1998,147,10,Park,1998
-37.81258644,144.9827568,Gleditsia,16/10/1998,77,30,Park,1998
-37.81154002,144.9811545,Araucaria,16/10/1998,67,60,Park,1998
-37.81445694,144.9797875,Tilia,13/10/1998,65,30,Park,1998
-37.81641095,144.9797449,Pinus,10/09/1998,64,60,Park,1998
-37.81236466,144.97892,Platanus,14/10/1998,74,5,Park,1998
-37.81546406,144.9805261,Cedrus,13/10/1998,95,30,Park,1998
-37.81293611,144.9804127,Ulmus,14/10/1998,128,20,Park,1998
-37.81194042,144.979069,Ulmus,14/10/1998,101,20,Park,1998
-37.81579416,144.9764842,Ulmus,10/12/1998,32,30,Park,1998
-37.81362728,144.9802793,Araucaria,13/10/1998,75,60,Park,1998
-37.81127017,144.9804426,Ficus,14/10/1998,131,30,Park,1998
-37.81316395,144.9807763,Ulmus,15/10/1998,121,20,Park,1998
-37.8116698,144.981854,Jubaea,15/10/1998,88,60,Park,1998
-37.81395961,144.9748106,Aesculus,16/10/1998,32,10,Park,1998
-37.81255109,144.9780632,Ulmus,14/10/1998,127,20,Park,1998
-37.8116724,144.9791631,Ulmus,14/10/1998,84,30,Park,1998
-37.81138491,144.9808643,Ulmus,1/01/2000,13,80,Park,2000
-37.81468471,144.9816395,Eucalyptus,13/10/1998,121,30,Park,1998
-37.81161805,144.9803338,Ginkgo,19/03/2010,3,80,Park,2010
-37.81114026,144.9786542,Araucaria,14/10/1998,87,60,Park,1998
-37.81173942,144.9826249,Jacaranda,15/10/1998,48,20,Park,1998
-37.81256096,144.9789951,Platanus,14/10/1998,76,5,Park,1998
-37.81185189,144.9789728,Ulmus,14/10/1998,113,10,Park,1998
-37.81335406,144.9763646,Lagunaria,1/01/2000,60,30,Park,1900
-37.8136452,144.9824334,Cedrus,16/10/1998,59,20,Park,1998
-37.81175294,144.9806012,Ulmus,14/10/1998,98,10,Park,1998
-37.81471026,144.9822209,Ulmus,13/10/1998,73,60,Park,1998
-37.81148525,144.9791591,Cupressus,14/10/1998,100,60,Park,1998
-37.81448296,144.9810521,Ulmus,13/10/1998,138,5,Park,1998
-37.81320243,144.9799884,Ulmus,14/10/1998,115,10,Park,1998
-37.81335832,144.9812431,Syzygium,2/01/2000,49,30,Park,1900
-37.81586545,144.9770824,Ulmus,10/12/1998,45,30,Park,1998
-37.81475576,144.9764283,Ficus,16/10/1998,238,20,Park,1998
-37.81288032,144.9825466,Araucaria,16/10/1998,100,60,Park,1998
-37.81280055,144.9813206,Ulmus,15/10/1998,110,10,Park,1998
-37.81574445,144.9809745,Phoenix,13/10/1998,75,60,Park,1998
-37.81217516,144.9794045,Washingtonia,,30,60,Park,NA
-37.8141416,144.9748238,Schinus,16/10/1998,79,60,Park,1998
-37.81488343,144.9817352,Agathis,20/01/2006,8,80,Park,2006
-37.8148493,144.9751644,Sequoia,1/01/2000,13,80,Park,2000
-37.81388157,144.976939,Liriodendron,1/11/2007,3,60,Park,2007
-37.81227836,144.9805082,Ulmus,14/10/1998,93,20,Park,1998
-37.8141407,144.9818465,Quercus,5/06/2007,4,80,Park,2007
-37.81607812,144.9781366,Ulmus,10/12/1998,77,30,Park,1998
-37.81487227,144.9823248,Agathis,20/01/2006,7,80,Park,2006
-37.81605813,144.9780013,Ulmus,10/12/1998,15,20,Park,1998
-37.81604321,144.9778724,Ulmus,10/12/1998,69,30,Park,1998
-37.813423,144.9777233,Corymbia,1/01/2000,23,60,Street,1900
-37.81185624,144.9761304,Platanus,1/01/2000,11,60,Street,2000
-37.8151213,144.9804133,Ficus,13/10/1998,179,30,Park,1998
-37.81426644,144.9791577,Ulmus,10/12/1998,186,20,Park,1998
-37.81147719,144.9800606,Ulmus,1/01/2000,22,80,Park,2000
-37.81231254,144.9814451,Quercus,12/12/2006,6,80,Park,2006
-37.81273169,144.9791816,Platanus,14/10/1998,76,5,Park,1998
-37.81412097,144.9822047,Ficus,13/10/1998,234,60,Park,1998
-37.81412696,144.9791489,Quercus,10/12/1998,42,60,Park,1998
-37.81260429,144.9790467,Platanus,14/10/1998,59,5,Park,1998
-37.81225604,144.9779162,Corymbia,21/11/1997,33,60,Street,1997
-37.81456547,144.9823221,Taxodium,20/07/2010,1,80,Park,2010
-37.81644413,144.9800132,Pinus,10/09/1998,98,60,Park,1998
-37.81264722,144.9796946,Ulmus,14/10/1998,23,80,Park,1998
-37.8106319,144.9812071,Ficus,15/10/1998,109,30,Park,1998
-37.81331212,144.9779416,Ficus,10/12/1998,126,30,Park,1998
-37.81308221,144.9811125,Ulmus,15/10/1998,98,20,Park,1998
-37.81492605,144.9755243,Agathis,16/10/1998,73,60,Park,1998
-37.81588536,144.9772865,Syzygium,26/05/2005,7,10,Park,2005
-37.81236984,144.9787915,Platanus,14/10/1998,77,5,Park,1998
-37.81560675,144.9817369,Agathis,13/10/1998,92,60,Park,1998
-37.81087602,144.9795987,Ficus,14/10/1998,246,60,Park,1998
-37.81485543,144.9821994,Agathis,20/01/2006,8,80,Park,2006
-37.81310883,144.9827341,Araucaria,14/07/2000,28,80,Park,2000
-37.8130532,144.9779986,Ulmus,14/10/1998,117,20,Park,1998
-37.81386578,144.9797776,Ulmus,13/10/1998,167,20,Park,1998
-37.81420804,144.9757581,Ficus,16/10/1998,136,60,Park,1998
-37.81594215,144.9777439,Pittosporum,10/12/1998,10,10,Park,1998
-37.81574098,144.9754507,Corymbia,10/12/1998,74,60,Park,1998
-37.81175424,144.9788855,Ulmus,14/10/1998,112,20,Park,1998
-37.8150858,144.9753183,Lophostemon,16/10/1998,66,60,Park,1998
-37.8157415,144.9755388,Corymbia,10/12/1998,33,30,Park,1998
-37.81202791,144.9786009,Lagunaria,2/01/2000,70,30,Park,1900
-37.8148897,144.9750035,Phoenix,2/01/2000,60,60,Park,1900
-37.81570053,144.9824341,Ficus,6/06/2007,11,80,Park,2007
-37.81221324,144.9791182,Ulmus,14/10/1998,108,20,Park,1998
-37.81168317,144.9754985,Platanus,21/11/1997,40,10,Street,1997
-37.81252894,144.9829511,Araucaria,14/07/2000,23,80,Park,2000
-37.81367111,144.9802182,Syzygium,2/01/2000,27,60,Park,1900
-37.81580829,144.9784765,Schinus,10/12/1998,70,60,Street,1998
-37.81336345,144.978081,Ficus,10/12/1998,187,20,Park,1998
-37.8140378,144.9748872,Aesculus,16/10/1998,27,10,Park,1998
-37.81391074,144.9759467,Corylopsis,1/01/2000,30,10,Park,1900
-37.81357066,144.9803353,Syzygium,2/01/2000,74,20,Park,1900
-37.81089936,144.9762606,Platanus,1/01/2000,30,30,Street,2000
-37.81430596,144.9767307,Ulmus,20/01/2006,6,80,Park,2006
-37.81374963,144.9776678,Corymbia,1/01/2000,12,80,Street,1900
-37.81325604,144.9803867,Fraxinus,14/10/1998,65,30,Park,1998
-37.8138223,144.9825296,Araucaria,13/10/1998,120,60,Park,1998
-37.81652975,144.9780186,Pyrus,15/06/1999,14,20,Street,1999
-37.81272387,144.9792875,Platanus,14/10/1998,64,5,Park,1998
-37.81481355,144.9810701,Agathis,20/01/2006,10,80,Park,2006
-37.8143255,144.9748692,Ulmus,16/10/1998,109,20,Park,1998
-37.8133052,144.9774707,Ulmus,16/10/1998,135,20,Park,1998
-37.81511766,144.9821351,Quercus,5/06/2007,3,80,Park,2007
-37.81434508,144.9755939,Ulmus,16/10/1998,122,5,Park,1998
-37.81573827,144.9757071,Corymbia,10/12/1998,34,60,Park,1998
-37.81439577,144.9767183,Ulmus,16/10/1998,144,5,Park,1998
-37.81360386,144.9765686,Corylopsis,2/01/2000,27,20,Park,1900
-37.81605672,144.9786852,Pittosporum,10/12/1998,17,30,Park,1998
-37.8147409,144.980397,Agathis,,6,80,Park,NA
-37.81269727,144.9792292,Platanus,14/10/1998,58,5,Park,1998
-37.8135963,144.9772301,Ficus,16/10/1998,265,20,Park,1998
-37.81412066,144.9826705,Calodendrum,13/10/1998,46,20,Park,1998
-37.81498728,144.9762085,Agathis,16/10/1998,50,60,Park,1998
-37.81432139,144.9798233,Acer,13/10/1998,38,10,Park,1998
-37.81168411,144.9822421,Cordyline,15/10/1998,62,20,Park,1998
-37.81598155,144.9764284,Ulmus,10/12/1998,78,5,Park,1998
-37.81307855,144.9791184,Araucaria,14/10/1998,110,60,Park,1998
-37.81146342,144.979641,Pinus,14/10/1998,92,60,Park,1998
-37.81464906,144.9762814,Ficus,16/10/1998,193,30,Park,1998
-37.81112379,144.9829488,Phoenix,15/10/1998,75,60,Park,1998
-37.81329999,144.9828721,Pinus,20/07/2010,7,80,Park,2010
-37.81170665,144.982185,Phoenix,15/10/1998,79,60,Park,1998
-37.81275484,144.9793489,Platanus,14/10/1998,74,10,Park,1998
-37.81476285,144.9779738,Ulmus,10/12/1998,128,20,Park,1998
-37.81338068,144.9809181,Araucaria,15/10/1998,97,60,Park,1998
-37.81432476,144.9802772,Ulmus,13/10/1998,106,10,Park,1998
-37.81491571,144.9814677,Ulmus,13/10/1998,157,10,Park,1998
-37.81069953,144.9807626,Ulmus,14/10/1998,102,10,Park,1998
-37.81194359,144.9754976,Platanus,21/11/1997,38,20,Street,1997
-37.81579552,144.9816147,Hesperocyparis,13/10/1998,44,10,Park,1998
-37.81205333,144.9796099,Jacaranda,16/10/1998,36,20,Park,1998
-37.81295522,144.981096,Ulmus,15/10/1998,127,5,Park,1998
-37.81323069,144.9809054,Ulmus,15/10/1998,20,80,Park,1998
-37.81148965,144.9799357,Ulmus,1/01/2000,21,80,Park,1900
-37.81473595,144.980061,Ulmus,10/12/1998,116,10,Park,1998
-37.81306659,144.9803593,Cordyline,1/01/2000,27,20,Park,2000
-37.81257249,144.9819107,Ulmus,16/10/1998,95,10,Park,1998
-37.81099123,144.9812241,Quercus,2/07/2007,5,80,Park,2007
-37.81624081,144.9790199,Corymbia,17/07/2008,8,80,Street,2008
-37.81110087,144.9807071,Ulmus,14/10/1998,107,20,Park,1998
-37.81495549,144.975219,Araucaria,2/01/2000,76,60,Park,1900
-37.81202188,144.981512,Quercus,15/10/1998,43,30,Park,1998
-37.81641444,144.9819401,Ficus,10/12/1998,101,60,Park,1998
-37.81421045,144.9775923,Corymbia,21/11/1997,27,60,Street,1997
-37.81494256,144.9768628,Ficus,16/10/1998,240,60,Park,1998
-37.81147478,144.9817906,Phoenix,2/01/2000,102,80,Park,1900
-37.81602446,144.9777514,Ulmus,10/12/1998,71,30,Park,1998
-37.81598521,144.9774703,Ulmus,10/12/1998,83,30,Park,1998
-37.81431499,144.9769048,Ulmus,4/03/2010,3,80,Park,2010
-37.81152827,144.9808268,Ulmus,1/01/2000,43,30,Park,1900
-37.81596519,144.9781518,Pittosporum,10/12/1998,8,20,Park,1998
-37.81416142,144.9801485,Ulmus,13/10/1998,5,10,Park,1998
-37.81272257,144.9814186,Ulmus,15/10/1998,131,10,Park,1998
-37.81579444,144.981846,Cedrus,13/10/1998,98,10,Park,1998
-37.81094925,144.9786353,Araucaria,14/10/1998,66,60,Park,1998
-37.81369083,144.9774662,Ulmus,16/10/1998,121,30,Park,1998
-37.8140958,144.9747228,Aesculus,16/10/1998,45,20,Park,1998
-37.81599764,144.9784039,Pittosporum,10/12/1998,14,30,Park,1998
-37.81564956,144.9803443,Araucaria,13/10/1998,57,60,Park,1998
-37.81642578,144.982076,Ficus,10/12/1998,129,60,Park,1998
-37.81378765,144.9749827,Ulmus,2/01/2000,140,20,Park,1900
-37.81513093,144.9818842,Ulmus,13/10/1998,125,10,Park,1998
-37.81479477,144.9757143,Corymbia,16/10/1998,73,60,Park,1998
-37.814711,144.9828161,Ulmus,25/11/1997,78,20,Street,1997
-37.81496487,144.976037,Brachychiton,1/01/2000,32,60,Park,1900
-37.81314571,144.9830929,Ulmus,25/11/1997,80,20,Street,1997
-37.8130203,144.9827849,Cupressus,17/10/1998,83,60,Park,1998
-37.81499197,144.9820842,Quercus,14/10/1998,55,60,Park,1998
-37.81328869,144.9825436,Fraxinus,16/10/1998,77,60,Park,1998
-37.81601761,144.978575,Pittosporum,10/12/1998,13,20,Park,1998
-37.81398442,144.9757664,Ficus,16/10/1998,193,10,Park,1998
-37.8148674,144.9805107,Ulmus,,5,80,Park,NA
-37.81531309,144.9812711,Ulmus,,5,80,Park,NA
-37.81602405,144.9784513,Pittosporum,10/12/1998,11,10,Park,1998
-37.81395274,144.9818114,Quercus,5/06/2007,4,80,Park,2007
-37.81482702,144.9772866,Ulmus,16/10/1998,127,20,Park,1998
-37.81346017,144.9825799,Fraxinus,16/10/1998,64,60,Park,1998
-37.81169108,144.9825493,Liriodendron,15/10/1998,33,60,Park,1998
-37.81496116,144.9772369,Ulmus,18/10/1998,144,20,Park,1998
-37.81320355,144.9768938,Cedrus,20/01/2006,10,80,Park,2006
-37.81505194,144.9820285,Pinus,13/10/1998,95,20,Park,1998
-37.81600816,144.9783189,Pittosporum,10/12/1998,17,20,Park,1998
-37.81228512,144.9794738,Washingtonia,,31,60,Park,NA
-37.81609665,144.9758107,Platanus,20/11/1997,45,10,Street,1997
-37.81321864,144.9770167,Cedrus,20/01/2006,18,80,Park,2006
-37.81364022,144.9823536,Cedrus,16/10/1998,82,20,Park,1998
-37.8165639,144.9811278,Pinus,10/09/1998,80,60,Park,1998
-37.8143614,144.9757827,Ulmus,16/10/1998,111,5,Park,1998
-37.8113938,144.9785777,Ulmus,14/10/1998,99,10,Park,1998
-37.81250699,144.9803453,Syzygium,2/01/2000,65,20,Park,1900
-37.81451069,144.9820496,Phoenix,13/10/1998,69,60,Park,1998
-37.81273667,144.9797713,Ulmus,14/10/1998,126,5,Park,1998
-37.8126049,144.9801799,Betula,14/10/1998,21,10,Park,1998
-37.81244047,144.9821214,Ulmus,16/10/1998,98,20,Park,1998
-37.81594356,144.9779312,Pittosporum,10/12/1998,13,20,Park,1998
-37.81347329,144.9821465,Lagunaria,2/01/2000,66,30,Park,1900
-37.81480223,144.9809358,Agathis,20/01/2006,11,80,Park,2006
-37.81244799,144.9795274,Ulmus,14/10/1998,122,20,Park,1998
-37.81573983,144.9756881,Corymbia,10/12/1998,16,20,Park,1998
-37.811767,144.9794663,Ulmus,14/10/1998,120,20,Park,1998
-37.81258678,144.9803685,Syzygium,2/01/2000,27,30,Park,1900
-37.81436966,144.9761637,Ficus,16/10/1998,127,10,Park,1998
-37.8147424,144.9810887,Agathis,12/12/2006,8,80,Park,2006
-37.81145857,144.979243,Cupressus,14/10/1998,103,60,Park,1998
-37.81255404,144.9778677,Corymbia,21/11/1997,18,60,Street,1997
-37.81574198,144.9758758,Eucalyptus,10/12/1998,76,60,Park,1998
-37.81291347,144.9828615,Phoenix,16/10/1998,74,60,Park,1998
-37.81291205,144.9800609,Washingtonia,1/01/2000,25,60,Park,2000
-37.8145565,144.97872,Ulmus,10/12/1998,160,10,Park,1998
-37.81104929,144.9756095,Platanus,21/11/1997,31,5,Street,1997
-37.81430419,144.9765856,Ulmus,14/09/2009,6,80,Park,2009
-37.81135293,144.9826472,Cupressus,15/10/1998,57,60,Park,1998
-37.81282221,144.9821686,Lophostemon,16/10/1998,60,30,Park,1998
-37.81284714,144.9826715,Araucaria,16/10/1998,125,60,Park,1998
-37.81356902,144.9758475,Corymbia,12/12/2006,12,80,Park,2006
-37.8160289,144.9786765,Pittosporum,10/12/1998,10,10,Park,1998
-37.81553737,144.9812381,Cedrus,13/10/1998,91,20,Park,1998
-37.81065897,144.9788818,Araucaria,14/10/1998,56,60,Park,1998
-37.81411679,144.9824657,Araucaria,13/10/1998,102,60,Park,1998
-37.81487374,144.9802131,Ulmus,13/10/1998,105,5,Park,1998
-37.81558591,144.9822562,Ulmus,13/10/1998,107,20,Park,1998
-37.81189244,144.9795238,Syzygium,2/01/2000,47,30,Park,1900
-37.81369013,144.9809856,Cedrus,13/10/1998,111,20,Park,1998
-37.81482216,144.9803901,Ulmus,,3,80,Park,NA
-37.81129722,144.9808481,Ulmus,14/10/1998,119,20,Park,1998
-37.8164406,144.9783902,Platanus,20/11/1997,67,20,Street,1997
-37.81573909,144.9758335,Eucalyptus,10/12/1998,65,30,Park,1998
-37.81542445,144.9787586,Livistona,2/01/2000,29,60,Park,1900
-37.81107821,144.9812566,Quercus,15/10/1998,81,60,Park,1998
-37.81626565,144.9770449,Platanus,20/11/1997,81,20,Street,1997
-37.81538957,144.9777083,Schinus,10/12/1998,104,60,Park,1998
-37.81185367,144.9781732,Ulmus,14/10/1998,18,60,Park,1998
-37.81547401,144.9789369,Araucaria,10/12/1998,55,60,Park,1998
-37.81247802,144.9804846,Ulmus,14/10/1998,104,20,Park,1998
-37.81342758,144.9784673,Glochidion,13/10/1998,28,20,Park,1998
-37.81363235,144.9825724,Pinus,16/10/1998,141,60,Park,1998
-37.81108188,144.9828595,Tilia,15/10/1998,57,60,Park,1998
-37.81378748,144.9806662,Ulmus,13/10/1998,163,10,Park,1998
-37.81619059,144.9765051,Platanus,20/11/1997,76,20,Street,1997
-37.81601179,144.9785406,Pittosporum,10/12/1998,8,10,Park,1998
-37.81307956,144.9828351,Corymbia,16/10/1998,69,20,Park,1998
-37.81315736,144.9772995,Agonis,16/10/1998,141,30,Park,1998
-37.81452938,144.9812998,Ulmus,13/10/1998,97,5,Park,1998
-37.81154449,144.9796131,Pinus,14/10/1998,98,60,Park,1998
-37.81317714,144.9816088,Quercus,16/10/1998,106,30,Park,1998
-37.81190251,144.9765415,Platanus,21/11/1997,36,20,Street,1997
-37.81419891,144.9825774,Taxodium,14/07/2000,27,80,Park,2000
-37.81157793,144.9809635,Grevillea,16/10/1998,59,20,Park,1998
-37.81579333,144.9784032,Ulmus,10/12/1998,38,60,Street,1998
-37.81455148,144.9775358,Corymbia,21/11/1997,29,60,Street,1997
-37.81519662,144.9801808,Ulmus,13/10/1998,103,10,Park,1998
-37.81429816,144.9813957,Phoenix,13/10/1998,79,60,Park,1998
-37.81277274,144.9783913,Platanus,14/10/1998,87,20,Park,1998
-37.81158377,144.9826977,Fraxinus,15/10/1998,51,60,Park,1998
-37.81359821,144.9788316,Liriodendron,13/10/1998,23,60,Park,1998
-37.8146762,144.9805388,Agathis,20/01/2006,7,80,Park,2006
-37.81323196,144.9757833,Washingtonia,16/10/1998,63,60,Park,1998
-37.81518625,144.9768738,Ficus,16/10/1998,172,60,Park,1998
-37.8124493,144.9828788,Cupressus,2/01/2000,62,60,Park,1900
-37.81142812,144.9815187,Cordyline,2/01/2000,30,10,Park,1900
-37.81462614,144.9826079,Populus,13/10/1998,112,10,Park,1998
-37.81389141,144.9778426,Ulmus,10/12/1998,143,20,Park,1998
-37.81461616,144.9769992,Ulmus,2/01/2000,96,30,Park,1900
-37.8143231,144.9772144,Ulmus,26/11/2008,3,80,Park,2008
-37.81252307,144.9789246,Platanus,14/10/1998,67,10,Park,1998
-37.81172736,144.9807436,Ulmus,14/10/1998,21,30,Park,1998
-37.8159845,144.9781266,Pittosporum,10/12/1998,8,5,Park,1998
-37.81302508,144.9765137,Phoenix,16/10/1998,65,60,Park,1998
-37.81532361,144.9816588,Corymbia,1/01/2000,88,60,Park,2000
-37.81397921,144.9808318,Ulmus,13/10/1998,114,10,Park,1998
-37.81200908,144.9774942,Platanus,21/11/1997,35,30,Street,1997
-37.81415019,144.9819482,Quercus,5/06/2007,4,80,Park,2007
-37.81282572,144.9793622,Platanus,14/10/1998,74,10,Park,1998
-37.81249106,144.9776216,Phoenix,16/10/1998,66,60,Park,1998
-37.81288057,144.978284,Gleditsia,14/10/1998,101,20,Park,1998
-37.81379492,144.9818937,Cedrus,14/07/2000,19,80,Park,2000
-37.81277709,144.9819283,Quercus,16/10/1998,66,60,Park,1998
-37.8109817,144.9779274,Platanus,21/11/1997,76,30,Street,1997
-37.81133836,144.9819234,Corymbia,15/10/1998,77,60,Park,1998
-37.81637609,144.9778609,Platanus,20/11/1997,58,20,Street,1997
-37.81501464,144.9761015,Quercus,16/10/1998,68,20,Park,1998
-37.81120114,144.9812785,Quercus,12/12/2006,3,80,Park,2006
-37.8139565,144.9820515,Ligustrum,13/10/1998,52,30,Park,1998
-37.81205762,144.9806791,Ulmus,14/10/1998,101,10,Park,1998
-37.81441535,144.9775588,Corymbia,1/01/2000,28,30,Street,1900
-37.81181496,144.9784962,Cedrus,14/10/1998,25,80,Park,1998
-37.81418563,144.9759638,Ficus,,268,60,Park,NA
-37.81431355,144.9799811,Thuja,13/10/1998,30,60,Park,1998
-37.81270949,144.9791322,Platanus,14/10/1998,75,5,Park,1998
-37.81171648,144.9816858,Corymbia,15/10/1998,106,60,Park,1998
-37.81105948,144.9811264,Quercus,12/12/2006,5,80,Park,2006
-37.81234935,144.9815948,Quercus,12/12/2006,4,80,Park,2006
-37.81262741,144.9783301,Lophostemon,14/10/1998,104,20,Park,1998
-37.81212413,144.9798128,Jacaranda,16/10/1998,35,60,Park,1998
-37.81110933,144.983115,Calodendrum,15/10/1998,42,1,Park,1998
-37.81095481,144.9828698,Tilia,15/10/1998,56,60,Park,1998
-37.81192293,144.9767073,Platanus,21/11/1997,36,5,Street,1997
-37.81490669,144.976186,Ulmus,2/01/2000,123,10,Park,1900
-37.814504,144.9826481,Taxodium,14/07/2000,23,80,Park,2000
-37.81071843,144.9811448,Pinus,15/10/1998,67,20,Park,1998
-37.81514564,144.9772375,Ulmus,16/10/1998,148,20,Park,1998
-37.81653586,144.9821681,Ficus,,1,80,Park,NA
-37.81388153,144.9825993,Washingtonia,13/10/1998,54,60,Park,1998
-37.81654172,144.9781125,Pyrus,15/06/1999,27,20,Street,1999
-37.8154637,144.9806417,Cedrus,13/10/1998,76,10,Park,1998
-37.81391627,144.9818971,Quercus,5/06/2007,5,80,Park,2007
-37.81272677,144.9784435,Platanus,14/10/1998,92,20,Park,1998
-37.81641423,144.9782503,Platanus,20/11/1997,63,20,Street,1997
-37.81526437,144.9768833,Buckinghamia,16/10/1998,43,30,Park,1998
-37.81421625,144.9760155,Cedrus,1/01/2000,85,30,Park,2000
-37.81147826,144.9821883,Phoenix,1/01/2000,96,80,Park,2000
-37.81435035,144.9777569,Ulmus,10/12/1998,119,20,Park,1998
-37.81438346,144.9792237,Ulmus,10/12/1998,148,20,Park,1998
-37.81334053,144.9815094,Ficus,15/10/1998,257,60,Park,1998
-37.81264671,144.9791183,Platanus,14/10/1998,56,5,Park,1998
-37.81359658,144.9761136,Fraxinus,1/01/2000,29,20,Park,1900
-37.81165217,144.9786147,Ulmus,14/10/1998,100,10,Park,1998
-37.81474878,144.9813348,Ulmus,13/10/1998,114,10,Park,1998
-37.81113807,144.9811532,Quercus,14/10/1998,108,60,Park,1998
-37.81186665,144.9796964,Syzygium,2/01/2000,53,20,Park,1900
-37.81592231,144.9777695,Pittosporum,10/12/1998,13,20,Park,1998
-37.81356439,144.976679,Populus,16/10/1998,148,10,Park,1998
-37.81612775,144.9775161,Ulmus,10/12/1998,92,20,Park,1998
-37.81314826,144.9828581,Syzygium,2/01/2000,40,60,Park,1900
-37.81483523,144.9820036,Agathis,20/01/2006,6,80,Park,2006
-37.81585448,144.9770053,Ulmus,10/12/1998,39,30,Park,1998
-37.81111626,144.9789147,Pinus,14/10/1998,96,60,Park,1998
-37.81120565,144.9755674,Platanus,21/11/1997,44,20,Street,1997
-37.81579807,144.9819891,Araucaria,13/10/1998,85,60,Park,1998
-37.81518282,144.9810633,Ulmus,,5,80,Park,NA
-37.81380879,144.9801694,Butia,13/10/1998,54,60,Park,1998
-37.812581,144.9788658,Platanus,14/10/1998,64,5,Park,1998
-37.81129681,144.9831804,Pinus,15/10/1998,70,60,Park,1998
-37.81593619,144.9776906,Pittosporum,10/12/1998,13,20,Park,1998
-37.81177757,144.9831001,Araucaria,14/07/2000,27,80,Park,2000
-37.81433222,144.9796145,Livistona,13/10/1998,28,60,Park,1998
-37.81389272,144.9817901,Washingtonia,13/10/1998,51,60,Park,1998
-37.8133563,144.9761224,Corymbia,1/01/2000,68,60,Park,1900
-37.81302064,144.9815422,Ulmus,2/01/2000,29,60,Park,1900
-37.81472202,144.98185,Tilia,13/10/1998,76,60,Park,1998
-37.81551247,144.979361,Araucaria,10/12/1998,67,60,Park,1998
-37.81613103,144.9786569,Ulmus,10/12/1998,83,30,Park,1998
-37.81202761,144.9791403,Ulmus,14/10/1998,93,20,Park,1998
-37.81237604,144.978092,Ulmus,14/10/1998,136,20,Park,1998
-37.81452078,144.9797004,Malus,2/01/2000,32,20,Park,1900
-37.81194769,144.9828778,Ulmus,16/10/1998,113,10,Park,1998
-37.81523134,144.9821695,Quercus,13/10/1998,68,60,Park,1998
-37.81143184,144.9827824,Araucaria,2/01/2000,62,30,Park,1900
-37.81157009,144.9785527,Ulmus,14/10/1998,111,5,Park,1998
-37.81442274,144.9760537,Ficus,16/10/1998,283,30,Park,1998
-37.81127459,144.9824878,Grevillea,2/01/2000,63,20,Park,1900
-37.81128853,144.9820814,Corymbia,2/01/2000,82,60,Park,1900
-37.81219459,144.9793599,Washingtonia,,32,60,Park,NA
-37.81088647,144.9812061,Quercus,12/12/2006,6,80,Park,2006
-37.81576949,144.978206,Schinus,10/12/1998,35,60,Street,1998
-37.81215799,144.980657,Ulmus,14/10/1998,104,10,Park,1998
-37.81302897,144.9803989,Ulmus,14/10/1998,122,20,Park,1998
-37.81215957,144.9793468,Washingtonia,16/10/1998,30,60,Park,1998
-37.8135993,144.975129,Ficus,16/10/1998,252,30,Park,1998
-37.81518661,144.9827409,Ulmus,25/11/1997,81,20,Street,1997
-37.81354626,144.9813036,Cedrus,16/10/1998,87,30,Park,1998
-37.81412863,144.9752067,Eucalyptus,16/10/1998,102,80,Park,1998
-37.8149263,144.9831325,Ulmus,25/11/1997,24,30,Street,1997
-37.81515704,144.982398,Agathis,13/07/2000,20,80,Park,2000
-37.8157398,144.9757908,Eucalyptus,10/12/1998,42,30,Park,1998
-37.81454934,144.9825384,Harpephyllum,14/07/2000,22,80,Park,2000
-37.81262792,144.9794942,Ulmus,14/10/1998,104,10,Park,1998
-37.81353528,144.9811732,Cedrus,16/10/1998,87,20,Park,1998
-37.81221087,144.9795843,Agathis,1/01/2000,19,80,Park,2000
-37.81399417,144.9795711,Ulmus,13/10/1998,142,20,Park,1998
-37.8121864,144.9825668,Ulmus,16/10/1998,98,10,Park,1998
-37.81567213,144.9809562,Quercus,13/10/1998,95,30,Park,1998
-37.81370597,144.9811628,Cedrus,13/10/1998,108,20,Park,1998
-37.81460199,144.9749324,Ulmus,16/10/1998,121,20,Park,1998
-37.81091204,144.9801221,Corymbia,14/10/1998,40,60,Park,1998
-37.81598789,144.9783136,Pittosporum,10/12/1998,14,30,Park,1998
-37.81601322,144.9766931,Ulmus,10/12/1998,74,5,Park,1998
-37.81088996,144.9789985,Metasequoia,1/01/2000,22,20,Park,2000
-37.81548377,144.9808869,Cedrus,13/10/1998,108,20,Park,1998
-37.81424421,144.9824019,Lophostemon,13/10/1998,62,30,Park,1998
-37.81227041,144.9799082,Populus,14/10/1998,140,10,Park,1998
-37.81500587,144.9757644,Quercus,16/10/1998,60,60,Park,1998
-37.81203322,144.978422,Lophostemon,14/10/1998,48,20,Park,1998
-37.815692,144.98047,Phoenix,13/10/1998,67,60,Park,1998
-37.81132848,144.9791299,Brachychiton,14/10/1998,54,20,Park,1998
-37.81652199,144.9820421,Ficus,10/12/1998,70,30,Park,1998
-37.81349772,144.9757361,Corymbia,12/12/2006,9,80,Park,2006
-37.81375398,144.9791494,Liriodendron,13/10/1998,22,10,Park,1998
-37.81565539,144.980243,Syzygium,2/01/2000,90,60,Park,1900
-37.81411808,144.9798708,Fagus,13/10/1998,42,60,Park,1998
-37.81588067,144.976636,Araucaria,10/12/1998,22,80,Park,1998
-37.81491295,144.9753389,Brachychiton,16/10/1998,47,60,Park,1998
-37.81555854,144.9820367,Ulmus,13/10/1998,113,10,Park,1998
-37.81515574,144.981176,Ulmus,,5,80,Park,NA
-37.81318111,144.9762433,Quercus,16/10/1998,97,60,Park,1998
-37.81506346,144.9800094,Ulmus,10/12/1998,124,10,Park,1998
-37.81507308,144.9751865,Ficus,1/01/2000,19,80,Park,2000
-37.8120205,144.9775973,Platanus,21/11/1997,29,30,Street,1997
-37.81181686,144.9827526,Jacaranda,15/10/1998,45,30,Park,1998
-37.81461783,144.9818598,Quercus,13/10/1998,87,60,Park,1998
-37.8118424,144.9760064,Platanus,21/11/1997,52,10,Street,1997
-37.81210274,144.9790337,Ulmus,14/10/1998,117,10,Park,1998
-37.81491647,144.9810812,Corymbia,20/01/2006,9,5,Park,2006
-37.81147958,144.9786608,Ulmus,14/10/1998,117,5,Park,1998
-37.81485187,144.9806456,Ulmus,,8,80,Park,NA
-37.81268576,144.9827204,Ulmus,16/10/1998,111,10,Park,1998
-37.81611783,144.9759419,Platanus,20/11/1997,43,10,Street,1997
-37.81642875,144.9798891,Pinus,10/09/1998,73,60,Park,1998
-37.81348405,144.9752187,Agonis,16/10/1998,127,5,Park,1998
-37.81564252,144.9770362,Ulmus,10/12/1998,67,5,Street,1998
-37.81385747,144.9831675,Ulmus,1/01/2000,21,60,Street,1900
-37.81461492,144.9813693,Ulmus,13/10/1998,83,5,Park,1998
-37.81120318,144.980872,Ulmus,14/10/1998,80,10,Park,1998
-37.81597804,144.9780495,Pittosporum,10/12/1998,14,20,Park,1998
-37.81369474,144.9778827,Ulmus,10/12/1998,154,20,Park,1998
-37.81173747,144.9802453,Melaleuca,14/10/1998,73,30,Park,1998
-37.81232906,144.9827511,Araucaria,16/10/1998,84,60,Park,1998
-37.81544211,144.9787215,Araucaria,10/12/1998,123,60,Park,1998
-37.8115835,144.9815617,Cordyline,15/10/1998,80,20,Park,1998
-37.81367785,144.980895,Cedrus,13/10/1998,85,20,Park,1998
-37.81498984,144.980194,Ulmus,13/10/1998,89,5,Park,1998
-37.8109791,144.9793038,Ulmus,15/10/1998,100,30,Park,1998
-37.81317523,144.9796947,Ulmus,2/01/2000,43,60,Park,1900
-37.81306978,144.9782085,Pittosporum,14/10/1998,73,20,Park,1998
-37.81373645,144.9788846,Liriodendron,13/10/1998,24,60,Park,1998
-37.81429695,144.9787198,Tristaniopsis,10/12/1998,58,30,Park,1998
-37.81587229,144.9756033,Ulmus,10/12/1998,68,10,Park,1998
-37.81350645,144.9761809,Populus,1/01/2000,113,5,Park,1900
-37.81549149,144.9817105,Ulmus,,3,10,Park,NA
-37.81132703,144.9825402,Grevillea,2/01/2000,65,20,Park,1900
-37.81265229,144.9785457,Platanus,14/10/1998,60,20,Park,1998
-37.81325671,144.9772866,Cedrus,14/09/2009,4,80,Park,2009
-37.81510312,144.9801782,Ulmus,13/10/1998,109,5,Park,1998
-37.81550934,144.9788164,Phoenix,10/12/1998,70,60,Park,1998
-37.81501645,144.9811253,Corymbia,20/01/2006,16,80,Park,2006
-37.81239832,144.9775372,Ulmus,16/10/1998,69,20,Park,1998
-37.81462691,144.9764971,Ficus,16/10/1998,96,10,Park,1998
-37.81093759,144.9764562,Platanus,1/01/2000,12,60,Street,1900
-37.81191515,144.9812947,Araucaria,16/10/1998,102,60,Park,1998
-37.81429983,144.9764371,Ulmus,14/09/2009,5,80,Park,2009
-37.81330317,144.9805494,Ulmus,15/10/1998,102,20,Park,1998
-37.8130071,144.9769203,Liriodendron,16/10/1998,34,60,Park,1998
-37.81284586,144.9795275,Platanus,14/10/1998,55,5,Park,1998
-37.81281748,144.979859,Ulmus,14/10/1998,149,5,Park,1998
-37.81378188,144.9745164,Corymbia,20/01/2006,10,80,Park,2006
-37.81348517,144.975892,Corymbia,1/01/2000,16,80,Park,1900
-37.81301166,144.9818808,Agathis,16/10/1998,77,30,Park,1998
-37.81574054,144.9756035,Corymbia,10/12/1998,46,60,Street,1998
-37.81366331,144.9787444,Livistona,13/10/1998,34,60,Park,1998
-37.81606439,144.9787225,Pittosporum,10/12/1998,13,20,Park,1998
-37.8157442,144.9759527,Corymbia,10/12/1998,50,60,Park,1998
-37.81140236,144.9780579,Corymbia,21/11/1997,28,60,Street,1997
-37.81352427,144.9774598,Ulmus,2/01/2000,127,30,Park,1900
-37.81322689,144.9828079,Phoenix,16/10/1998,82,60,Park,1998
-37.81386287,144.9826461,Araucaria,13/10/1998,78,60,Park,1998
-37.81558268,144.98058,Agathis,13/07/2000,19,80,Park,2000
-37.81555975,144.98134,Cedrus,13/10/1998,66,20,Park,1998
-37.81478391,144.9807974,Agathis,20/01/2006,11,80,Park,2006
-37.814429,144.9817,Corymbia,13/10/1998,80,60,Park,1998
-37.81282909,144.977821,Corymbia,21/11/1997,20,60,Street,1997
-37.81229648,144.9788856,Platanus,14/10/1998,63,10,Park,1998
-37.81383604,144.982248,Cedrus,13/10/1998,95,30,Park,1998
-37.81286266,144.9785109,Flindersia,,25,60,Park,NA
-37.81356532,144.9762348,Fraxinus,1/01/2000,59,20,Park,1900
-37.81286357,144.977037,Washingtonia,2/01/2000,59,60,Park,1900
-37.81540893,144.9801435,Ulmus,13/10/1998,105,10,Park,1998
-37.81501466,144.9776604,Ulmus,10/12/1998,111,30,Park,1998
-37.81329301,144.9817865,Quercus,16/10/1998,62,60,Park,1998
-37.81596624,144.9779556,Pittosporum,10/12/1998,16,30,Park,1998
-37.81180629,144.9756098,Platanus,21/11/1997,41,20,Street,1997
-37.81624138,144.9783343,Ulmus,10/12/1998,90,20,Park,1998
-37.81505941,144.9813341,Corymbia,20/01/2006,10,80,Park,2006
-37.81395771,144.975979,Corylopsis,1/01/2000,27,10,Park,1900
-37.8128014,144.9815382,Ulmus,15/10/1998,100,10,Park,1998
-37.81167415,144.9785035,Cedrus,1/01/2000,89,60,Park,2000
-37.81319033,144.9779444,Ficus,14/10/1998,128,30,Park,1998
-37.81561757,144.9826678,Ulmus,25/11/1997,71,20,Street,1997
-37.81272299,144.9780394,Ulmus,14/10/1998,127,20,Park,1998
-37.81605051,144.9769803,Ulmus,10/12/1998,69,10,Park,1998
-37.81207182,144.9766135,Platanus,21/11/1997,30,10,Street,1997
-37.81433654,144.9754113,Ulmus,1/01/2000,115,5,Park,1900
-37.81480824,144.9817329,Agathis,20/01/2006,8,80,Park,2006
-37.81394729,144.9798644,Ulmus,13/10/1998,121,20,Park,1998
-37.81475307,144.9805336,Agathis,,8,80,Park,NA
-37.8140855,144.9745483,Magnolia,1/11/2007,3,60,Park,2007
-37.81604978,144.9787692,Pittosporum,10/12/1998,17,20,Park,1998
-37.81147842,144.9818505,Macadamia,15/10/1998,40,60,Park,1998
-37.81400188,144.9803464,Ulmus,13/10/1998,102,10,Park,1998
-37.81090928,144.9803607,Grevillea,14/10/1998,73,30,Park,1998
-37.81308647,144.9797479,Araucaria,14/10/1998,76,60,Park,1998
-37.81538345,144.9799402,Ulmus,10/12/1998,114,10,Park,1998
-37.81603129,144.976832,Ulmus,10/12/1998,78,5,Park,1998
-37.81521361,144.9765099,Melaleuca,12/12/2006,13,60,Park,2006
-37.81482114,144.9825487,Ulmus,13/10/1998,152,20,Park,1998
-37.81203986,144.9825349,Ulmus,15/10/1998,124,10,Park,1998
-37.81578867,144.9764057,Ulmus,10/12/1998,35,20,Park,1998
-37.81593691,144.9778848,Pittosporum,10/12/1998,11,20,Park,1998
-37.81546699,144.9819535,Ulmus,13/10/1998,103,10,Park,1998
-37.81457105,144.9764246,Cedrus,16/10/1998,67,20,Park,1998
-37.81607561,144.978778,Pittosporum,10/12/1998,20,20,Park,1998
-37.81094292,144.9809136,Ulmus,14/10/1998,93,10,Park,1998
-37.81436652,144.9825347,Stenocarpus,14/07/2000,12,60,Park,2000
-37.81595864,144.9780745,Pittosporum,10/12/1998,14,20,Park,1998
-37.81233184,144.9788401,Platanus,14/10/1998,70,5,Park,1998
-37.81340347,144.9816905,Quercus,12/12/2006,4,80,Park,2006
-37.8123371,144.9795772,Sophora,1/01/2000,50,10,Park,2000
-37.81193643,144.9807066,Ulmus,14/10/1998,94,20,Park,1998
-37.81355931,144.9815869,Cedrus,16/10/1998,46,10,Park,1998
-37.81474585,144.9766068,Ficus,16/10/1998,248,30,Park,1998
-37.81161563,144.9798565,Ulmus,1/01/2000,16,80,Park,2000
-37.81395324,144.9787933,Syzygium,2/01/2000,37,20,Park,1900
-37.81627618,144.9786026,Ulmus,10/12/1998,90,20,Park,1998
-37.81060688,144.9781936,Corymbia,1/01/2000,43,60,Street,1900
-37.81505571,144.9746322,Ulmus,20/11/1997,16,10,Street,1997
-37.81600358,144.9782932,Pittosporum,10/12/1998,13,20,Park,1998
-37.8131873,144.978104,Araucaria,14/10/1998,110,60,Park,1998
-37.81071302,144.9795105,Phoenix,14/10/1998,74,60,Park,1998
-37.81072713,144.9825986,Syncarpia,2/01/2000,26,30,Park,1900
-37.8142189,144.980305,Ulmus,13/10/1998,110,5,Park,1998
-37.81596337,144.9762886,Ulmus,10/12/1998,74,5,Park,1998
-37.81129673,144.9785824,Ulmus,14/10/1998,109,5,Park,1998
-37.81403871,144.9755638,Ficus,16/10/1998,157,30,Park,1998
-37.81495746,144.979746,Livistona,2/01/2000,28,60,Park,1900
-37.8135983,144.9801763,Pittosporum,13/10/1998,55,20,Park,1998
-37.81282874,144.9828284,Jacaranda,14/07/2000,14,80,Park,2000
-37.81224145,144.9815672,Quercus,15/10/1998,51,30,Park,1998
-37.81405505,144.9780885,Ulmus,10/12/1998,149,10,Park,1998
-37.81602802,144.9784835,Pittosporum,10/12/1998,13,10,Park,1998
-37.8116656,144.9749016,Platanus,21/11/1997,62,10,Street,1997
-37.81381927,144.9748613,Aesculus,16/10/1998,34,10,Park,1998
-37.81077228,144.9806538,Lophostemon,14/10/1998,53,30,Park,1998
-37.81297966,144.9803562,Washingtonia,,48,60,Park,NA
-37.81389688,144.9807605,Ulmus,13/10/1998,102,10,Park,1998
-37.8142734,144.9783401,Brahea,13/10/1998,55,60,Park,1998
-37.8160676,144.9755366,Platanus,20/11/1997,47,5,Street,1997
-37.81209439,144.9783946,Cedrus,14/10/1998,75,30,Park,1998
-37.81444412,144.9795813,Acer,10/12/1998,43,30,Park,1998
-37.81335359,144.9757082,Washingtonia,1/01/2000,58,60,Park,1900
-37.81140948,144.9791553,Cupressus,14/10/1998,54,20,Park,1998
-37.81411047,144.9800048,Washingtonia,1/01/2000,22,80,Park,2000
-37.81403636,144.9826576,Araucaria,14/07/2000,27,80,Park,2000
-37.8134008,144.9827337,Araucaria,2/01/2000,31,80,Park,1900
-37.81365951,144.9805611,Lagunaria,2/01/2000,74,30,Park,1900
-37.81387814,144.9781351,Ulmus,10/12/1998,143,5,Park,1998
-37.81574859,144.9780123,Ulmus,10/12/1998,67,5,Street,1998
-37.81537882,144.9813729,Ulmus,,4,10,Park,NA
-37.81217483,144.9797948,Jacaranda,16/10/1998,32,60,Park,1998
-37.81340115,144.9803776,Pittosporum,14/10/1998,34,20,Park,1998
-37.81255409,144.9794139,Ulmus,14/10/1998,97,5,Park,1998
-37.81359701,144.9799802,Livistona,13/10/1998,27,60,Park,1998
-37.81600125,144.978441,Pittosporum,10/12/1998,12,30,Park,1998
-37.81479247,144.9815962,Agathis,20/01/2006,3,80,Park,2006
-37.81116871,144.9780965,Corymbia,30/12/1999,25,60,Street,1899
-37.81420144,144.9780327,Ulmus,10/12/1998,145,20,Park,1998
-37.81096998,144.9811149,Quercus,12/12/2006,8,80,Park,2006
-37.81634745,144.9793161,Pinus,10/09/1998,82,60,Park,1998
-37.81213605,144.9795828,Jacaranda,1/01/2000,45,30,Park,2000
-37.8135352,144.9747977,Phoenix,2/01/2000,80,60,Park,1900
-37.81581903,144.9752099,Ulmus,10/12/1998,28,30,Park,1998
-37.81259145,144.9801362,Betula,14/10/1998,21,20,Park,1998
-37.81552125,144.981596,Ulmus,,3,10,Park,NA
-37.81513114,144.9758169,Melaleuca,16/10/1998,99,30,Park,1998
-37.81068468,144.9785054,Ficus,14/10/1998,105,20,Park,1998
-37.81282613,144.9829232,Stenocarpus,16/10/1998,19,10,Park,1998
-37.81381213,144.9790617,Liriodendron,2/01/2000,18,30,Park,1900
-37.81167315,144.9815185,Araucaria,15/10/1998,116,60,Park,1998
-37.81079108,144.980468,Quercus,14/10/1998,83,60,Park,1998
-37.81438245,144.9763679,Ulmus,16/10/1998,123,20,Park,1998
-37.8144435,144.9762498,Ficus,16/10/1998,185,60,Park,1998
-37.8109558,144.9776627,Platanus,21/11/1997,52,10,Street,1997
-37.81369429,144.9810652,Cedrus,13/10/1998,70,20,Park,1998
-37.81498503,144.9754272,Quercus,16/10/1998,79,10,Park,1998
-37.81121266,144.9806732,Ulmus,14/10/1998,106,20,Park,1998
-37.81261079,144.9804706,Ulmus,14/10/1998,121,10,Park,1998
-37.81246768,144.9802706,Syzygium,2/01/2000,26,20,Park,1900
-37.8109953,144.9807309,Ulmus,14/10/1998,104,10,Park,1998
-37.81366336,144.9807592,Cedrus,13/10/1998,83,20,Park,1998
-37.81476195,144.982124,Quercus,13/10/1998,24,80,Park,1998
-37.81174576,144.9820748,Thuja,15/10/1998,37,60,Park,1998
-37.81153821,144.9799824,Ulmus,14/10/1998,27,80,Park,1998
-37.81172061,144.9821424,Jacaranda,15/10/1998,48,20,Park,1998
-37.8134262,144.9785288,Ilex,2/01/2000,30,20,Park,1900
-37.81166555,144.979793,Syzygium,2/01/2000,43,20,Park,1900
-37.8120606,144.9781534,Ulmus,14/10/1998,138,30,Park,1998
-37.81505008,144.9808531,Ulmus,,5,80,Park,NA
-37.81518995,144.9817103,Ulmus,13/10/1998,151,5,Park,1998
-37.81297845,144.9766426,Phoenix,2/01/2000,56,60,Park,1900
-37.81583256,144.9816616,Phoenix,13/10/1998,72,60,Park,1998
-37.81604048,144.9786161,Pittosporum,10/12/1998,14,20,Park,1998
-37.81471898,144.9809474,Agathis,,9,80,Park,NA
-37.81300504,144.9800019,Ulmus,14/10/1998,136,5,Park,1998
-37.81328734,144.9756497,Phoenix,1/01/2000,65,60,Park,1900
-37.81255617,144.9787896,Platanus,14/10/1998,87,5,Park,1998
-37.81598223,144.978283,Pittosporum,10/12/1998,10,20,Park,1998
-37.81601207,144.9783467,Pittosporum,10/12/1998,12,30,Park,1998
-37.81539794,144.9821099,Ulmus,13/10/1998,131,10,Park,1998
-37.81309979,144.9821221,Ulmus,16/10/1998,67,60,Park,1998
-37.81423204,144.9788229,Agathis,10/12/1998,90,60,Park,1998
-37.81294079,144.9778028,Corymbia,21/11/1997,25,60,Street,1997
-37.81286248,144.9812112,Ulmus,15/10/1998,106,10,Park,1998
-37.8158438,144.978834,Ulmus,10/12/1998,71,10,Street,1998
-37.81566777,144.9801348,Phoenix,13/10/1998,72,60,Park,1998
-37.81551611,144.9815225,Ficus,13/10/1998,187,60,Park,1998
-37.81210077,144.9794911,Chamaerops,1/01/2000,53,60,Park,2000
-37.81591083,144.9776624,Pittosporum,10/12/1998,15,20,Park,1998
-37.81280806,144.9805602,Ulmus,14/10/1998,112,20,Park,1998
-37.81217505,144.9772723,Phoenix,16/10/1998,73,60,Park,1998
-37.81614476,144.977646,Ulmus,10/12/1998,29,60,Park,1998
-37.81422205,144.9826973,Syzygium,2/01/2000,41,60,Park,1900
-37.81423627,144.9751095,Ulmus,16/10/1998,128,10,Park,1998
-37.81484893,144.9813624,Agathis,,6,80,Park,NA
-37.81187028,144.9783534,Taxodium,1/01/2000,15,80,Park,2000
-37.81203567,144.9789483,Ulmus,14/10/1998,116,10,Park,1998
-37.81149292,144.9821291,Ligustrum,15/10/1998,74,20,Park,1998
-37.81573998,144.9758121,Eucalyptus,10/12/1998,59,60,Park,1998
-37.81084819,144.9810812,Quercus,12/12/2006,2,5,Park,2006
-37.81591844,144.9777173,Pittosporum,10/12/1998,14,20,Park,1998
-37.81512866,144.9778965,Ulmus,10/12/1998,37,60,Park,1998
-37.81495764,144.9817005,Ulmus,13/10/1998,117,10,Park,1998
-37.81373929,144.9814295,Cedrus,13/10/1998,95,30,Park,1998
-37.81187926,144.9762744,Platanus,1/01/2000,13,60,Street,2000
-37.8119625,144.9804139,Araucaria,14/10/1998,77,60,Park,1998
-37.81354728,144.9801757,Syzygium,2/01/2000,116,30,Park,1900
-37.81185604,144.9794875,Livistona,2/01/2000,29,60,Park,1900
-37.81303386,144.9767205,Washingtonia,2/01/2000,42,60,Park,1900
-37.81430794,144.9773706,Ulmus,16/10/1998,136,20,Park,1998
-37.81498246,144.9756079,Quercus,16/10/1998,53,60,Park,1998
-37.8122296,144.9777091,Ulmus,16/10/1998,24,80,Park,1998
-37.81204287,144.9763451,Platanus,21/11/1997,33,10,Street,1997
-37.81150684,144.978233,Ulmus,14/10/1998,130,20,Park,1998
-37.81270956,144.9822003,Aesculus,16/10/1998,40,20,Park,1998
-37.81147731,144.9784869,Ulmus,14/10/1998,98,5,Park,1998
-37.81238077,144.9822344,Ulmus,16/10/1998,92,20,Park,1998
-37.81395628,144.979301,Washingtonia,13/10/1998,44,60,Park,1998
-37.81437656,144.9788004,Tristaniopsis,10/12/1998,41,30,Park,1998
-37.81355228,144.9764094,Fraxinus,1/01/2000,31,10,Park,1900
-37.81361553,144.9821694,Cedrus,16/10/1998,88,30,Park,1998
-37.81225356,144.9794723,Washingtonia,,37,60,Park,NA
-37.81154128,144.980161,Ulmus,19/03/2010,4,80,Park,2010
-37.81528872,144.9804281,Ficus,13/10/1998,134,60,Park,1998
-37.81062541,144.9831473,Phoenix,15/10/1998,64,60,Park,1998
-37.81599867,144.9782591,Pittosporum,10/12/1998,15,20,Park,1998
-37.81511626,144.977442,Corymbia,21/11/1997,19,60,Street,1997
-37.81077381,144.98252,Syncarpia,14/07/2000,17,30,Park,2000
-37.81431883,144.9775743,Corymbia,21/11/1997,14,80,Street,1997
-37.81146581,144.9816148,Cordyline,2/01/2000,30,10,Park,1900
-37.8162961,144.9787395,Ulmus,10/12/1998,91,10,Park,1998
-37.81104171,144.979171,Pinus,14/10/1998,87,60,Park,1998
-37.81375339,144.9817685,Cedrus,13/10/1998,82,30,Park,1998
-37.81200175,144.977959,Corymbia,21/11/1997,34,60,Street,1997
-37.81482083,144.9818679,Agathis,,7,80,Park,NA
-37.81509056,144.9810749,Ulmus,,7,80,Park,NA
-37.81140643,144.9798387,Quercus,14/10/1998,38,60,Park,1998
-37.81341511,144.9818014,Quercus,16/10/1998,93,20,Park,1998
-37.81367961,144.9799885,Ulmus,13/10/1998,115,30,Park,1998
-37.81601437,144.9783809,Pittosporum,10/12/1998,13,20,Park,1998
-37.81264805,144.9817923,Ulmus,16/10/1998,9,80,Park,1998
-37.8148447,144.9776863,Ulmus,10/12/1998,117,5,Park,1998
-37.81171224,144.9809604,Quercus,16/10/1998,110,60,Park,1998
-37.81175588,144.9779995,Corymbia,21/11/1997,45,60,Street,1997
-37.81559381,144.9804406,Agathis,13/07/2000,15,80,Park,2000
-37.81564494,144.9771357,Schinus,10/12/1998,81,60,Street,1998
-37.81105692,144.9808983,Ulmus,14/10/1998,116,20,Park,1998
-37.8157771,144.9782873,Ulmus,10/12/1998,70,5,Street,1998
-37.81586065,144.9819022,Phoenix,13/10/1998,74,60,Park,1998
-37.81494222,144.9822993,Agathis,20/01/2006,6,80,Park,2006
-37.81383413,144.9774458,Ulmus,16/10/1998,120,30,Park,1998
-37.81305257,144.980209,Fraxinus,14/10/1998,75,30,Park,1998
-37.81289289,144.9802359,Liriodendron,1/01/2000,25,60,Park,1900
-37.81499016,144.9807483,Ulmus,,6,80,Park,NA
-37.8155605,144.9796914,Araucaria,10/12/1998,66,60,Park,1998
-37.81598853,144.9781672,Pittosporum,10/12/1998,28,30,Park,1998
-37.81571416,144.9806799,Phoenix,13/10/1998,67,60,Park,1998
-37.81175261,144.9787014,Ulmus,14/10/1998,123,10,Park,1998
-37.81441974,144.9823586,Syzygium,2/01/2000,104,60,Park,1900
-37.81649261,144.9804072,Pinus,10/09/1998,83,60,Park,1998
-37.81177338,144.979985,Ulmus,2/01/2000,66,60,Park,1900
-37.81224254,144.9829824,Calodendrum,16/10/1998,76,30,Park,1998
-37.81311963,144.9770287,Cedrus,20/01/2006,7,80,Park,2006
-37.81411819,144.9815164,Quercus,13/10/1998,78,60,Park,1998
-37.81515293,144.9759995,Brachychiton,16/10/1998,67,60,Park,1998
-37.81330434,144.97698,Gleditsia,2/01/2000,39,20,Park,1900
-37.8140973,144.982101,Olea,2/01/2000,58,20,Park,1900
-37.81407636,144.9758667,Ficus,16/10/1998,182,30,Park,1998
-37.81573973,144.9756612,Corymbia,10/12/1998,45,60,Park,1998
-37.81474657,144.9787471,Liriodendron,10/12/1998,82,60,Park,1998
-37.81403736,144.9818271,Cupressus,2/01/2000,111,60,Park,1900
-37.81518156,144.9761972,Lophostemon,16/10/1998,89,20,Park,1998
-37.81573386,144.9812978,Araucaria,13/10/1998,63,60,Park,1998
-37.81370478,144.9781576,Ulmus,10/12/1998,155,10,Park,1998
-37.81182125,144.9797234,Ligustrum,1/01/2000,54,20,Park,2000
-37.81466335,144.9775169,Corymbia,1/01/2000,23,60,Street,1900
-37.81148671,144.9824609,Araucaria,15/10/1998,93,60,Park,1998
-37.81425166,144.9754278,Ulmus,16/10/1998,28,20,Park,1998
-37.81309547,144.9808818,Ulmus,15/10/1998,118,20,Park,1998
-37.81622188,144.9781957,Ulmus,10/12/1998,7,10,Park,1998
-37.81227009,144.9811192,Fraxinus,16/10/1998,57,30,Park,1998
-37.81507314,144.9764534,Quercus,16/10/1998,61,10,Park,1998
-37.81082749,144.9829914,Phoenix,15/10/1998,85,60,Park,1998
-37.81260744,144.9824935,Ulmus,16/10/1998,58,60,Park,1998
-37.81070757,144.9827828,Koelreuteria,2/01/2000,37,60,Park,1900
-37.81393135,144.9805846,Ulmus,13/10/1998,121,20,Park,1998
-37.81146242,144.981911,Ilex,15/10/1998,26,30,Park,1998
-37.81351945,144.9827578,Brachychiton,2/01/2000,32,80,Park,1900
-37.8116466,144.9799703,Araucaria,14/10/1998,86,60,Park,1998
-37.81553364,144.9794811,Ficus,10/12/1998,172,10,Park,1998
-37.81387138,144.977647,Corymbia,1/01/2000,22,60,Street,1900
-37.81153054,144.9826206,Magnolia,15/10/1998,70,20,Park,1998
-37.81114608,144.9793715,Liquidambar,14/10/1998,24,10,Park,1998
-37.81600463,144.9784699,Pittosporum,10/12/1998,14,20,Park,1998
-37.81574329,144.9759203,Eucalyptus,10/12/1998,50,60,Park,1998
-37.81645699,144.9785312,Platanus,20/11/1997,79,30,Street,1997
-37.8145975,144.9788934,Ulmus,10/12/1998,33,60,Park,1998
-37.81374996,144.9815793,Cedrus,13/10/1998,87,30,Park,1998
-37.81440436,144.9826235,Calodendrum,14/07/2000,12,10,Park,2000
-37.81386438,144.9827866,Magnolia,14/07/2000,19,60,Park,2000
-37.81446455,144.9818395,Lophostemon,13/10/1998,74,30,Park,1998
-37.81261748,144.9789277,Platanus,14/10/1998,77,10,Park,1998
-37.81158316,144.9814,Cordyline,15/10/1998,37,20,Park,1998
-37.81329305,144.977744,Corymbia,21/11/1997,28,60,Street,1997
-37.81453832,144.9818793,Phoenix,13/10/1998,73,60,Park,1998
-37.81583825,144.9787361,Schinus,10/12/1998,68,60,Street,1998
-37.81416022,144.9799474,Pittosporum,1/01/2000,29,20,Park,2000
-37.81381244,144.9801144,Fagus,1/01/2000,35,60,Park,2000
-37.81144716,144.9750329,Platanus,21/11/1997,60,5,Street,1997
-37.81116685,144.9823801,Grevillea,2/01/2000,49,10,Park,1900
-37.813277,144.9802532,Pittosporum,2/01/2000,43,30,Park,1900
-37.81383675,144.9805126,Ulmus,13/10/1998,106,10,Park,1998
-37.81279562,144.9793044,Platanus,14/10/1998,78,5,Park,1998
-37.81168094,144.9782114,Ulmus,14/10/1998,114,20,Park,1998
-37.81293303,144.9831248,Ulmus,25/11/1997,75,20,Street,1997
-37.81192714,144.9753532,Platanus,21/11/1997,45,20,Street,1997
-37.81325831,144.9827116,Agathis,2/01/2000,21,80,Park,1900
-37.81323561,144.9771493,Cedrus,20/01/2006,15,80,Park,2006
-37.81610193,144.9773613,Ulmus,10/12/1998,63,10,Park,1998
-37.8149215,144.980418,Araucaria,13/10/1998,91,60,Park,1998
-37.81469659,144.9758901,Populus,1/01/2000,19,80,Park,2000
-37.81559095,144.9795596,Phoenix,10/12/1998,86,60,Park,1998
-37.81429734,144.9826102,Phoenix,13/10/1998,73,60,Park,1998
-37.81265806,144.9790026,Platanus,14/10/1998,73,5,Park,1998
-37.81637853,144.9794834,Pinus,10/09/1998,73,60,Park,1998
-37.814897,144.9818486,Agathis,20/01/2006,12,80,Park,2006
-37.81622099,144.9767536,Platanus,20/11/1997,72,20,Street,1997
-37.81375604,144.9816816,Cedrus,13/10/1998,110,20,Park,1998
-37.81230371,144.9797007,Taxus,1/01/2000,30,20,Park,2000
-37.81157505,144.9749546,Platanus,21/11/1997,66,5,Street,1997
-37.81530248,144.9801741,Ulmus,13/10/1998,97,5,Park,1998
-37.81610441,144.9783926,Ulmus,10/12/1998,75,20,Park,1998
-37.81421453,144.9808281,Ulmus,13/10/1998,122,10,Park,1998
-37.81225917,144.9787754,Lophostemon,1/01/2000,64,60,Park,2000
-37.81362214,144.9745341,Washingtonia,16/10/1998,52,60,Park,1998
-37.81247464,144.9806238,Ulmus,14/10/1998,110,20,Park,1998
-37.81125766,144.9800127,Ficus,14/10/1998,191,60,Park,1998
-37.81276431,144.9792494,Platanus,14/10/1998,70,5,Park,1998
-37.81126738,144.9801226,Ficus,2/01/2000,162,20,Park,1900
-37.81249507,144.9831992,Ulmus,24/11/1997,74,20,Street,1997
-37.81489428,144.9774776,Corymbia,1/01/2000,30,60,Street,1900
-37.81536966,144.9827051,Ulmus,25/11/1997,71,20,Street,1997
-37.81562707,144.9769028,Ulmus,10/12/1998,68,1,Street,1998
-37.81550544,144.9810212,Cedrus,13/10/1998,93,30,Park,1998
-37.8124082,144.9795617,Washingtonia,16/10/1998,30,60,Park,1998
-37.81575711,144.9780835,Schinus,10/12/1998,74,60,Street,1998
-37.81335053,144.9821766,Quercus,16/10/1998,96,60,Park,1998
-37.81447542,144.9790576,Ulmus,10/12/1998,25,60,Park,1998
-37.8143745,144.9800877,Ulmus,13/10/1998,123,20,Park,1998
-37.81449716,144.9758643,Phoenix,1/01/2000,63,60,Park,1900
-37.81258419,144.9786419,Platanus,14/10/1998,73,10,Park,1998
-37.81241728,144.9827509,Jacaranda,18/10/1998,28,10,Park,1998
-37.8149619,144.978104,Ulmus,10/12/1998,49,60,Park,1998
-37.81505303,144.9767307,Ficus,16/10/1998,222,60,Park,1998
-37.81333332,144.9758188,Agonis,16/10/1998,125,10,Park,1998
-37.81348635,144.9801958,Syzygium,2/01/2000,20,60,Park,1900
-37.81401011,144.9819196,Quercus,5/06/2007,4,80,Park,2007
-37.81209629,144.9793404,Jacaranda,16/10/1998,43,30,Park,1998
-37.81529499,144.979974,Ulmus,10/12/1998,123,10,Park,1998
-37.81404313,144.9801876,Ulmus,13/10/1998,123,20,Park,1998
-37.81546991,144.9807725,Cedrus,13/10/1998,79,20,Park,1998
-37.8111533,144.9820365,Ulmus,15/10/1998,112,10,Park,1998
-37.81402647,144.9794209,Magnolia,13/10/1998,93,10,Park,1998
-37.81247521,144.979339,Ulmus,14/10/1998,15,80,Park,1998
-37.81163736,144.9806294,Ulmus,14/10/1998,124,20,Park,1998
-37.81466856,144.9785289,Ulmus,10/12/1998,156,20,Park,1998
-37.8135498,144.978301,Ficus,10/12/1998,245,20,Park,1998
-37.81109355,144.9782851,Ficus,14/10/1998,207,30,Park,1998
-37.8147595,144.9825069,Calodendrum,27/05/2010,8,60,Park,2010
-37.8130814,144.9817223,Quercus,16/10/1998,96,60,Park,1998
-37.81572408,144.9814108,Lophostemon,13/10/1998,90,30,Park,1998
-37.81539796,144.9817585,Cedrus,1/01/2000,58,20,Park,2000
-37.81652223,144.9807053,Pinus,10/09/1998,81,60,Park,1998
-37.81599627,144.9782295,Pittosporum,10/12/1998,14,30,Park,1998
-37.81084655,144.9809276,Ulmus,14/10/1998,111,10,Park,1998
-37.81620055,144.9780554,Ulmus,10/12/1998,87,30,Park,1998
-37.81131434,144.9815732,Pinus,15/10/1998,79,60,Park,1998
-37.81508681,144.9750786,Phoenix,2/01/2000,67,60,Park,1900
-37.81444444,144.9789018,Ulmus,10/12/1998,34,60,Park,1998
-37.811636,144.9780194,Corymbia,21/11/1997,39,60,Street,1997
-37.81285315,144.9794324,Platanus,14/10/1998,83,10,Park,1998
-37.81536822,144.978454,Lophostemon,10/12/1998,78,60,Park,1998
-37.81602033,144.9786076,Pittosporum,10/12/1998,10,10,Park,1998
-37.81282621,144.9785718,Ginkgo,14/10/1998,59,60,Park,1998
-37.81398231,144.9773952,Ulmus,16/10/1998,128,20,Park,1998
-37.81162273,144.9807647,Ulmus,14/10/1998,37,30,Park,1998
-37.81424393,144.9796367,Ginkgo,,1,80,Park,NA
-37.81533583,144.9806104,Ficus,13/10/1998,248,60,Park,1998
-37.81516431,144.9746803,Ulmus,20/11/1997,70,10,Street,1997
-37.81372965,144.9752415,Ficus,16/10/1998,216,60,Park,1998
-37.81355144,144.9763552,Fraxinus,1/01/2000,29,10,Park,1900
-37.81349941,144.9809259,Cedrus,16/10/1998,86,20,Park,1998
-37.81447022,144.9754447,Fraxinus,16/10/1998,81,10,Park,1998
-37.81178901,144.9814483,Quercus,2/07/2007,5,80,Park,2007
-37.81445382,144.9825435,Agathis,14/07/2000,19,80,Park,2000
-37.81634228,144.9775716,Platanus,20/11/1997,60,20,Street,1997
-37.81591175,144.9769346,Araucaria,10/12/1998,34,80,Park,1998
-37.8153223,144.9820289,Ulmus,13/10/1998,126,5,Park,1998
-37.81362291,144.9822634,Cedrus,16/10/1998,35,10,Park,1998
-37.81549938,144.9821922,Ulmus,13/10/1998,131,20,Park,1998
-37.81590144,144.9758836,Ulmus,10/12/1998,73,10,Park,1998
-37.81393368,144.980216,Ulmus,13/10/1998,130,20,Park,1998
-37.81152098,144.9780385,Corymbia,21/11/1997,34,60,Street,1997
-37.81476514,144.9802288,Ulmus,13/10/1998,101,5,Park,1998
-37.81212934,144.9815405,Quercus,15/10/1998,57,60,Park,1998
-37.81545896,144.9792887,Melaleuca,1/01/2000,81,60,Park,2000
-37.81457241,144.9792689,Ficus,1/01/2000,200,60,Park,1900
-37.81483701,144.9765098,Ficus,16/10/1998,198,60,Park,1998
-37.81502832,144.9817865,Ulmus,13/10/1998,132,10,Park,1998
-37.8128035,144.9774169,Ficus,16/10/1998,177,20,Park,1998
-37.81102758,144.9798603,Ficus,14/10/1998,260,60,Park,1998
-37.81383969,144.9753626,Ficus,16/10/1998,219,30,Park,1998
-37.81432831,144.9750641,Ulmus,,3,80,Park,NA
-37.81085426,144.9831442,Calodendrum,15/10/1998,38,20,Park,1998
-37.81441834,144.9819193,Quercus,5/06/2007,3,80,Park,2007
-37.81138644,144.9831672,Stenocarpus,14/07/2000,5,60,Park,2000
-37.81378537,144.9819573,Erythrina,13/10/1998,30,60,Park,1998
